DATAFLOW,LAST UPDATE,freq,unit,s_adj,na_item,geo,TIME_PERIOD,OBS_VALUE,OBS_FLAG
ESTAT:NAMQ_10_GDP(1.0),26/11/21 02:21:00,Q,CP_MEUR,NSA,B1GQ,AL,2016-Q1,2407.7,
ESTAT:NAMQ_10_GDP(1.0),26/11/21 02:21:00,Q,CP_MEUR,NSA,B1GQ,AL,2016-Q2,2787.1,
ESTAT:NAMQ_10_GDP(1.0),26/11/21 02:21:00,Q,CP_MEUR,NSA,B1GQ,AL,2016-Q3,2675.3,
ESTAT:NAMQ_10_GDP(1.0),26/11/21 02:21:00,Q,CP_MEUR,NSA,B1GQ,AL,2016-Q4,2852.1,
ESTAT:NAMQ_10_GDP(1.0),26/11/21 02:21:00,Q,CP_MEUR,NSA,B1GQ,AL,2017-Q1,2586.7,
ESTAT:NAMQ_10_GDP(1.0),26/11/21 02:21:00,Q,CP_MEUR,NSA,B1GQ,AL,2017-Q2,3052.2,
ESTAT:NAMQ_10_GDP(1.0),26/11/21 02:21:00,Q,CP_MEUR,NSA,B1GQ,AL,2017-Q3,2898.8,
ESTAT:NAMQ_10_GDP(1.0),26/11/21 02:21:00,Q,CP_MEUR,NSA,B1GQ,AL,2017-Q4,3025.3,
ESTAT:NAMQ_10_GDP(1.0),26/11/21 02:21:00,Q,CP_MEUR,NSA,B1GQ,AL,2018-Q1,2825.3,
ESTAT:NAMQ_10_GDP(1.0),26/11/21 02:21:00,Q,CP_MEUR,NSA,B1GQ,AL,2018-Q2,3389.2,
ESTAT:NAMQ_10_GDP(1.0),26/11/21 02:21:00,Q,CP_MEUR,NSA,B1GQ,AL,2018-Q3,3247.9,
ESTAT:NAMQ_10_GDP(1.0),26/11/21 02:21:00,Q,CP_MEUR,NSA,B1GQ,AL,2018-Q4,3385.8,
ESTAT:NAMQ_10_GDP(1.0),26/11/21 02:21:00,Q,CP_MEUR,NSA,B1GQ,AL,2019-Q1,3104.3,p
ESTAT:NAMQ_10_GDP(1.0),26/11/21 02:21:00,Q,CP_MEUR,NSA,B1GQ,AL,2019-Q2,3651.6,p
ESTAT:NAMQ_10_GDP(1.0),26/11/21 02:21:00,Q,CP_MEUR,NSA,B1GQ,AL,2019-Q3,3535.8,p
ESTAT:NAMQ_10_GDP(1.0),26/11/21 02:21:00,Q,CP_MEUR,NSA,B1GQ,AL,2019-Q4,3466.0,p
ESTAT:NAMQ_10_GDP(1.0),26/11/21 02:21:00,Q,CP_MEUR,NSA,B1GQ,AL,2020-Q1,3064.4,p
ESTAT:NAMQ_10_GDP(1.0),26/11/21 02:21:00,Q,CP_MEUR,NSA,B1GQ,AL,2020-Q2,3110.1,p
ESTAT:NAMQ_10_GDP(1.0),26/11/21 02:21:00,Q,CP_MEUR,NSA,B1GQ,AL,2020-Q3,3354.2,p
ESTAT:NAMQ_10_GDP(1.0),26/11/21 02:21:00,Q,CP_MEUR,NSA,B1GQ,AL,2020-Q4,3539.7,p
ESTAT:NAMQ_10_GDP(1.0),26/11/21 02:21:00,Q,CP_MEUR,NSA,B1GQ,AL,2021-Q1,3260.2,p
ESTAT:NAMQ_10_GDP(1.0),26/11/21 02:21:00,Q,CP_MEUR,NSA,B1GQ,AL,2021-Q2,3923.5,p
ESTAT:NAMQ_10_GDP(1.0),26/11/21 02:21:00,Q,CP_MEUR,NSA,B1GQ,AT,2016-Q1,86018.2,
ESTAT:NAMQ_10_GDP(1.0),26/11/21 02:21:00,Q,CP_MEUR,NSA,B1GQ,AT,2016-Q2,89349.8,
ESTAT:NAMQ_10_GDP(1.0),26/11/21 02:21:00,Q,CP_MEUR,NSA,B1GQ,AT,2016-Q3,88843.8,
ESTAT:NAMQ_10_GDP(1.0),26/11/21 02:21:00,Q,CP_MEUR,NSA,B1GQ,AT,2016-Q4,93396.2,
ESTAT:NAMQ_10_GDP(1.0),26/11/21 02:21:00,Q,CP_MEUR,NSA,B1GQ,AT,2017-Q1,88273.6,
ESTAT:NAMQ_10_GDP(1.0),26/11/21 02:21:00,Q,CP_MEUR,NSA,B1GQ,AT,2017-Q2,91933.2,
ESTAT:NAMQ_10_GDP(1.0),26/11/21 02:21:00,Q,CP_MEUR,NSA,B1GQ,AT,2017-Q3,92062.3,
ESTAT:NAMQ_10_GDP(1.0),26/11/21 02:21:00,Q,CP_MEUR,NSA,B1GQ,AT,2017-Q4,97092.7,
ESTAT:NAMQ_10_GDP(1.0),26/11/21 02:21:00,Q,CP_MEUR,NSA,B1GQ,AT,2018-Q1,92928.4,
ESTAT:NAMQ_10_GDP(1.0),26/11/21 02:21:00,Q,CP_MEUR,NSA,B1GQ,AT,2018-Q2,95513.1,
ESTAT:NAMQ_10_GDP(1.0),26/11/21 02:21:00,Q,CP_MEUR,NSA,B1GQ,AT,2018-Q3,95439.1,
ESTAT:NAMQ_10_GDP(1.0),26/11/21 02:21:00,Q,CP_MEUR,NSA,B1GQ,AT,2018-Q4,101543.3,
ESTAT:NAMQ_10_GDP(1.0),26/11/21 02:21:00,Q,CP_MEUR,NSA,B1GQ,AT,2019-Q1,96163.7,
ESTAT:NAMQ_10_GDP(1.0),26/11/21 02:21:00,Q,CP_MEUR,NSA,B1GQ,AT,2019-Q2,98607.9,
ESTAT:NAMQ_10_GDP(1.0),26/11/21 02:21:00,Q,CP_MEUR,NSA,B1GQ,AT,2019-Q3,98908.2,
ESTAT:NAMQ_10_GDP(1.0),26/11/21 02:21:00,Q,CP_MEUR,NSA,B1GQ,AT,2019-Q4,103838.7,
ESTAT:NAMQ_10_GDP(1.0),26/11/21 02:21:00,Q,CP_MEUR,NSA,B1GQ,AT,2020-Q1,94599.6,
ESTAT:NAMQ_10_GDP(1.0),26/11/21 02:21:00,Q,CP_MEUR,NSA,B1GQ,AT,2020-Q2,88126.0,
ESTAT:NAMQ_10_GDP(1.0),26/11/21 02:21:00,Q,CP_MEUR,NSA,B1GQ,AT,2020-Q3,96699.1,
ESTAT:NAMQ_10_GDP(1.0),26/11/21 02:21:00,Q,CP_MEUR,NSA,B1GQ,AT,2020-Q4,99895.9,
ESTAT:NAMQ_10_GDP(1.0),26/11/21 02:21:00,Q,CP_MEUR,NSA,B1GQ,AT,2021-Q1,91445.9,
ESTAT:NAMQ_10_GDP(1.0),26/11/21 02:21:00,Q,CP_MEUR,NSA,B1GQ,AT,2021-Q2,99984.1,
ESTAT:NAMQ_10_GDP(1.0),26/11/21 02:21:00,Q,CP_MEUR,NSA,B1GQ,BA,2016-Q1,3452.3,
ESTAT:NAMQ_10_GDP(1.0),26/11/21 02:21:00,Q,CP_MEUR,NSA,B1GQ,BA,2016-Q2,3723.8,
ESTAT:NAMQ_10_GDP(1.0),26/11/21 02:21:00,Q,CP_MEUR,NSA,B1GQ,BA,2016-Q3,4144.9,
ESTAT:NAMQ_10_GDP(1.0),26/11/21 02:21:00,Q,CP_MEUR,NSA,B1GQ,BA,2016-Q4,3968.8,
ESTAT:NAMQ_10_GDP(1.0),26/11/21 02:21:00,Q,CP_MEUR,NSA,B1GQ,BA,2017-Q1,3609.4,
ESTAT:NAMQ_10_GDP(1.0),26/11/21 02:21:00,Q,CP_MEUR,NSA,B1GQ,BA,2017-Q2,3899.8,
ESTAT:NAMQ_10_GDP(1.0),26/11/21 02:21:00,Q,CP_MEUR,NSA,B1GQ,BA,2017-Q3,4361.6,
ESTAT:NAMQ_10_GDP(1.0),26/11/21 02:21:00,Q,CP_MEUR,NSA,B1GQ,BA,2017-Q4,4171.6,
ESTAT:NAMQ_10_GDP(1.0),26/11/21 02:21:00,Q,CP_MEUR,NSA,B1GQ,BA,2018-Q1,3885.1,
ESTAT:NAMQ_10_GDP(1.0),26/11/21 02:21:00,Q,CP_MEUR,NSA,B1GQ,BA,2018-Q2,4220.3,
ESTAT:NAMQ_10_GDP(1.0),26/11/21 02:21:00,Q,CP_MEUR,NSA,B1GQ,BA,2018-Q3,4567.9,
ESTAT:NAMQ_10_GDP(1.0),26/11/21 02:21:00,Q,CP_MEUR,NSA,B1GQ,BA,2018-Q4,4426.4,
ESTAT:NAMQ_10_GDP(1.0),26/11/21 02:21:00,Q,CP_MEUR,NSA,B1GQ,BA,2019-Q1,4082.7,
ESTAT:NAMQ_10_GDP(1.0),26/11/21 02:21:00,Q,CP_MEUR,NSA,B1GQ,BA,2019-Q2,4457.6,
ESTAT:NAMQ_10_GDP(1.0),26/11/21 02:21:00,Q,CP_MEUR,NSA,B1GQ,BA,2019-Q3,4835.4,
ESTAT:NAMQ_10_GDP(1.0),26/11/21 02:21:00,Q,CP_MEUR,NSA,B1GQ,BA,2019-Q4,4670.7,
ESTAT:NAMQ_10_GDP(1.0),26/11/21 02:21:00,Q,CP_MEUR,NSA,B1GQ,BA,2020-Q1,4278.5,
ESTAT:NAMQ_10_GDP(1.0),26/11/21 02:21:00,Q,CP_MEUR,NSA,B1GQ,BA,2020-Q2,4110.1,
ESTAT:NAMQ_10_GDP(1.0),26/11/21 02:21:00,Q,CP_MEUR,NSA,B1GQ,BA,2020-Q3,4596.0,
ESTAT:NAMQ_10_GDP(1.0),26/11/21 02:21:00,Q,CP_MEUR,NSA,B1GQ,BA,2020-Q4,4522.1,
ESTAT:NAMQ_10_GDP(1.0),26/11/21 02:21:00,Q,CP_MEUR,NSA,B1GQ,BA,2021-Q1,4367.2,
ESTAT:NAMQ_10_GDP(1.0),26/11/21 02:21:00,Q,CP_MEUR,NSA,B1GQ,BA,2021-Q2,4629.3,
ESTAT:NAMQ_10_GDP(1.0),26/11/21 02:21:00,Q,CP_MEUR,NSA,B1GQ,BE,2016-Q1,102431.0,
ESTAT:NAMQ_10_GDP(1.0),26/11/21 02:21:00,Q,CP_MEUR,NSA,B1GQ,BE,2016-Q2,108919.0,
ESTAT:NAMQ_10_GDP(1.0),26/11/21 02:21:00,Q,CP_MEUR,NSA,B1GQ,BE,2016-Q3,104750.0,
ESTAT:NAMQ_10_GDP(1.0),26/11/21 02:21:00,Q,CP_MEUR,NSA,B1GQ,BE,2016-Q4,113985.0,
ESTAT:NAMQ_10_GDP(1.0),26/11/21 02:21:00,Q,CP_MEUR,NSA,B1GQ,BE,2017-Q1,107700.0,
ESTAT:NAMQ_10_GDP(1.0),26/11/21 02:21:00,Q,CP_MEUR,NSA,B1GQ,BE,2017-Q2,112517.0,
ESTAT:NAMQ_10_GDP(1.0),26/11/21 02:21:00,Q,CP_MEUR,NSA,B1GQ,BE,2017-Q3,107476.0,
ESTAT:NAMQ_10_GDP(1.0),26/11/21 02:21:00,Q,CP_MEUR,NSA,B1GQ,BE,2017-Q4,117357.0,
ESTAT:NAMQ_10_GDP(1.0),26/11/21 02:21:00,Q,CP_MEUR,NSA,B1GQ,BE,2018-Q1,110469.0,
ESTAT:NAMQ_10_GDP(1.0),26/11/21 02:21:00,Q,CP_MEUR,NSA,B1GQ,BE,2018-Q2,116020.0,
ESTAT:NAMQ_10_GDP(1.0),26/11/21 02:21:00,Q,CP_MEUR,NSA,B1GQ,BE,2018-Q3,111040.0,
ESTAT:NAMQ_10_GDP(1.0),26/11/21 02:21:00,Q,CP_MEUR,NSA,B1GQ,BE,2018-Q4,122500.0,
ESTAT:NAMQ_10_GDP(1.0),26/11/21 02:21:00,Q,CP_MEUR,NSA,B1GQ,BE,2019-Q1,114716.0,
ESTAT:NAMQ_10_GDP(1.0),26/11/21 02:21:00,Q,CP_MEUR,NSA,B1GQ,BE,2019-Q2,120140.0,
ESTAT:NAMQ_10_GDP(1.0),26/11/21 02:21:00,Q,CP_MEUR,NSA,B1GQ,BE,2019-Q3,116108.0,
ESTAT:NAMQ_10_GDP(1.0),26/11/21 02:21:00,Q,CP_MEUR,NSA,B1GQ,BE,2019-Q4,127196.0,
ESTAT:NAMQ_10_GDP(1.0),26/11/21 02:21:00,Q,CP_MEUR,NSA,B1GQ,BE,2020-Q1,115430.0,p
ESTAT:NAMQ_10_GDP(1.0),26/11/21 02:21:00,Q,CP_MEUR,NSA,B1GQ,BE,2020-Q2,104737.0,p
ESTAT:NAMQ_10_GDP(1.0),26/11/21 02:21:00,Q,CP_MEUR,NSA,B1GQ,BE,2020-Q3,113105.0,p
ESTAT:NAMQ_10_GDP(1.0),26/11/21 02:21:00,Q,CP_MEUR,NSA,B1GQ,BE,2020-Q4,123622.0,p
ESTAT:NAMQ_10_GDP(1.0),26/11/21 02:21:00,Q,CP_MEUR,NSA,B1GQ,BE,2021-Q1,118317.0,p
ESTAT:NAMQ_10_GDP(1.0),26/11/21 02:21:00,Q,CP_MEUR,NSA,B1GQ,BE,2021-Q2,125867.0,p
ESTAT:NAMQ_10_GDP(1.0),26/11/21 02:21:00,Q,CP_MEUR,NSA,B1GQ,BG,2016-Q1,10072.8,
ESTAT:NAMQ_10_GDP(1.0),26/11/21 02:21:00,Q,CP_MEUR,NSA,B1GQ,BG,2016-Q2,11770.3,
ESTAT:NAMQ_10_GDP(1.0),26/11/21 02:21:00,Q,CP_MEUR,NSA,B1GQ,BG,2016-Q3,13261.4,
ESTAT:NAMQ_10_GDP(1.0),26/11/21 02:21:00,Q,CP_MEUR,NSA,B1GQ,BG,2016-Q4,13668.6,
ESTAT:NAMQ_10_GDP(1.0),26/11/21 02:21:00,Q,CP_MEUR,NSA,B1GQ,BG,2017-Q1,10724.7,
ESTAT:NAMQ_10_GDP(1.0),26/11/21 02:21:00,Q,CP_MEUR,NSA,B1GQ,BG,2017-Q2,12741.9,
ESTAT:NAMQ_10_GDP(1.0),26/11/21 02:21:00,Q,CP_MEUR,NSA,B1GQ,BG,2017-Q3,14302.0,
ESTAT:NAMQ_10_GDP(1.0),26/11/21 02:21:00,Q,CP_MEUR,NSA,B1GQ,BG,2017-Q4,14762.6,
ESTAT:NAMQ_10_GDP(1.0),26/11/21 02:21:00,Q,CP_MEUR,NSA,B1GQ,BG,2018-Q1,11337.4,
ESTAT:NAMQ_10_GDP(1.0),26/11/21 02:21:00,Q,CP_MEUR,NSA,B1GQ,BG,2018-Q2,13743.4,
ESTAT:NAMQ_10_GDP(1.0),26/11/21 02:21:00,Q,CP_MEUR,NSA,B1GQ,BG,2018-Q3,15587.7,
ESTAT:NAMQ_10_GDP(1.0),26/11/21 02:21:00,Q,CP_MEUR,NSA,B1GQ,BG,2018-Q4,15556.2,
ESTAT:NAMQ_10_GDP(1.0),26/11/21 02:21:00,Q,CP_MEUR,NSA,B1GQ,BG,2019-Q1,12926.0,
ESTAT:NAMQ_10_GDP(1.0),26/11/21 02:21:00,Q,CP_MEUR,NSA,B1GQ,BG,2019-Q2,15261.6,
ESTAT:NAMQ_10_GDP(1.0),26/11/21 02:21:00,Q,CP_MEUR,NSA,B1GQ,BG,2019-Q3,16347.5,
ESTAT:NAMQ_10_GDP(1.0),26/11/21 02:21:00,Q,CP_MEUR,NSA,B1GQ,BG,2019-Q4,17022.9,
ESTAT:NAMQ_10_GDP(1.0),26/11/21 02:21:00,Q,CP_MEUR,NSA,B1GQ,BG,2020-Q1,13213.4,
ESTAT:NAMQ_10_GDP(1.0),26/11/21 02:21:00,Q,CP_MEUR,NSA,B1GQ,BG,2020-Q2,14163.0,
ESTAT:NAMQ_10_GDP(1.0),26/11/21 02:21:00,Q,CP_MEUR,NSA,B1GQ,BG,2020-Q3,16680.7,
ESTAT:NAMQ_10_GDP(1.0),26/11/21 02:21:00,Q,CP_MEUR,NSA,B1GQ,BG,2020-Q4,17273.9,
ESTAT:NAMQ_10_GDP(1.0),26/11/21 02:21:00,Q,CP_MEUR,NSA,B1GQ,BG,2021-Q1,13812.8,p
ESTAT:NAMQ_10_GDP(1.0),26/11/21 02:21:00,Q,CP_MEUR,NSA,B1GQ,BG,2021-Q2,15941.3,p
ESTAT:NAMQ_10_GDP(1.0),26/11/21 02:21:00,Q,CP_MEUR,NSA,B1GQ,CH,2016-Q1,152298.8,
ESTAT:NAMQ_10_GDP(1.0),26/11/21 02:21:00,Q,CP_MEUR,NSA,B1GQ,CH,2016-Q2,156723.5,
ESTAT:NAMQ_10_GDP(1.0),26/11/21 02:21:00,Q,CP_MEUR,NSA,B1GQ,CH,2016-Q3,157711.7,
ESTAT:NAMQ_10_GDP(1.0),26/11/21 02:21:00,Q,CP_MEUR,NSA,B1GQ,CH,2016-Q4,162071.4,
ESTAT:NAMQ_10_GDP(1.0),26/11/21 02:21:00,Q,CP_MEUR,NSA,B1GQ,CH,2017-Q1,157708.2,
ESTAT:NAMQ_10_GDP(1.0),26/11/21 02:21:00,Q,CP_MEUR,NSA,B1GQ,CH,2017-Q2,158599.8,
ESTAT:NAMQ_10_GDP(1.0),26/11/21 02:21:00,Q,CP_MEUR,NSA,B1GQ,CH,2017-Q3,153730.5,
ESTAT:NAMQ_10_GDP(1.0),26/11/21 02:21:00,Q,CP_MEUR,NSA,B1GQ,CH,2017-Q4,154179.3,
ESTAT:NAMQ_10_GDP(1.0),26/11/21 02:21:00,Q,CP_MEUR,NSA,B1GQ,CH,2018-Q1,149619.4,
ESTAT:NAMQ_10_GDP(1.0),26/11/21 02:21:00,Q,CP_MEUR,NSA,B1GQ,CH,2018-Q2,154143.3,
ESTAT:NAMQ_10_GDP(1.0),26/11/21 02:21:00,Q,CP_MEUR,NSA,B1GQ,CH,2018-Q3,156948.9,
ESTAT:NAMQ_10_GDP(1.0),26/11/21 02:21:00,Q,CP_MEUR,NSA,B1GQ,CH,2018-Q4,162162.0,
ESTAT:NAMQ_10_GDP(1.0),26/11/21 02:21:00,Q,CP_MEUR,NSA,B1GQ,CH,2019-Q1,157044.5,
ESTAT:NAMQ_10_GDP(1.0),26/11/21 02:21:00,Q,CP_MEUR,NSA,B1GQ,CH,2019-Q2,161437.3,
ESTAT:NAMQ_10_GDP(1.0),26/11/21 02:21:00,Q,CP_MEUR,NSA,B1GQ,CH,2019-Q3,165718.4,
ESTAT:NAMQ_10_GDP(1.0),26/11/21 02:21:00,Q,CP_MEUR,NSA,B1GQ,CH,2019-Q4,169575.2,
ESTAT:NAMQ_10_GDP(1.0),26/11/21 02:21:00,Q,CP_MEUR,NSA,B1GQ,CH,2020-Q1,165287.8,
ESTAT:NAMQ_10_GDP(1.0),26/11/21 02:21:00,Q,CP_MEUR,NSA,B1GQ,CH,2020-Q2,158797.7,
ESTAT:NAMQ_10_GDP(1.0),26/11/21 02:21:00,Q,CP_MEUR,NSA,B1GQ,CH,2020-Q3,165909.7,
ESTAT:NAMQ_10_GDP(1.0),26/11/21 02:21:00,Q,CP_MEUR,NSA,B1GQ,CH,2020-Q4,169724.2,
ESTAT:NAMQ_10_GDP(1.0),26/11/21 02:21:00,Q,CP_MEUR,NSA,B1GQ,CH,2021-Q1,160981.7,
ESTAT:NAMQ_10_GDP(1.0),26/11/21 02:21:00,Q,CP_MEUR,NSA,B1GQ,CH,2021-Q2,167637.0,
ESTAT:NAMQ_10_GDP(1.0),26/11/21 02:21:00,Q,CP_MEUR,NSA,B1GQ,CY,2016-Q1,4384.6,
ESTAT:NAMQ_10_GDP(1.0),26/11/21 02:21:00,Q,CP_MEUR,NSA,B1GQ,CY,2016-Q2,4755.4,
ESTAT:NAMQ_10_GDP(1.0),26/11/21 02:21:00,Q,CP_MEUR,NSA,B1GQ,CY,2016-Q3,4872.3,
ESTAT:NAMQ_10_GDP(1.0),26/11/21 02:21:00,Q,CP_MEUR,NSA,B1GQ,CY,2016-Q4,4916.9,
ESTAT:NAMQ_10_GDP(1.0),26/11/21 02:21:00,Q,CP_MEUR,NSA,B1GQ,CY,2017-Q1,4746.6,
ESTAT:NAMQ_10_GDP(1.0),26/11/21 02:21:00,Q,CP_MEUR,NSA,B1GQ,CY,2017-Q2,5098.6,
ESTAT:NAMQ_10_GDP(1.0),26/11/21 02:21:00,Q,CP_MEUR,NSA,B1GQ,CY,2017-Q3,5213.3,
ESTAT:NAMQ_10_GDP(1.0),26/11/21 02:21:00,Q,CP_MEUR,NSA,B1GQ,CY,2017-Q4,5186.7,
ESTAT:NAMQ_10_GDP(1.0),26/11/21 02:21:00,Q,CP_MEUR,NSA,B1GQ,CY,2018-Q1,5068.2,
ESTAT:NAMQ_10_GDP(1.0),26/11/21 02:21:00,Q,CP_MEUR,NSA,B1GQ,CY,2018-Q2,5524.2,
ESTAT:NAMQ_10_GDP(1.0),26/11/21 02:21:00,Q,CP_MEUR,NSA,B1GQ,CY,2018-Q3,5515.4,
ESTAT:NAMQ_10_GDP(1.0),26/11/21 02:21:00,Q,CP_MEUR,NSA,B1GQ,CY,2018-Q4,5504.8,
ESTAT:NAMQ_10_GDP(1.0),26/11/21 02:21:00,Q,CP_MEUR,NSA,B1GQ,CY,2019-Q1,5392.0,
ESTAT:NAMQ_10_GDP(1.0),26/11/21 02:21:00,Q,CP_MEUR,NSA,B1GQ,CY,2019-Q2,5844.8,
ESTAT:NAMQ_10_GDP(1.0),26/11/21 02:21:00,Q,CP_MEUR,NSA,B1GQ,CY,2019-Q3,5971.0,
ESTAT:NAMQ_10_GDP(1.0),26/11/21 02:21:00,Q,CP_MEUR,NSA,B1GQ,CY,2019-Q4,5802.1,
ESTAT:NAMQ_10_GDP(1.0),26/11/21 02:21:00,Q,CP_MEUR,NSA,B1GQ,CY,2020-Q1,5466.1,
ESTAT:NAMQ_10_GDP(1.0),26/11/21 02:21:00,Q,CP_MEUR,NSA,B1GQ,CY,2020-Q2,4994.3,
ESTAT:NAMQ_10_GDP(1.0),26/11/21 02:21:00,Q,CP_MEUR,NSA,B1GQ,CY,2020-Q3,5615.1,
ESTAT:NAMQ_10_GDP(1.0),26/11/21 02:21:00,Q,CP_MEUR,NSA,B1GQ,CY,2020-Q4,5472.7,
ESTAT:NAMQ_10_GDP(1.0),26/11/21 02:21:00,Q,CP_MEUR,NSA,B1GQ,CY,2021-Q1,5367.4,
ESTAT:NAMQ_10_GDP(1.0),26/11/21 02:21:00,Q,CP_MEUR,NSA,B1GQ,CY,2021-Q2,5757.8,
ESTAT:NAMQ_10_GDP(1.0),26/11/21 02:21:00,Q,CP_MEUR,NSA,B1GQ,CZ,2016-Q1,41233.8,
ESTAT:NAMQ_10_GDP(1.0),26/11/21 02:21:00,Q,CP_MEUR,NSA,B1GQ,CZ,2016-Q2,44936.2,
ESTAT:NAMQ_10_GDP(1.0),26/11/21 02:21:00,Q,CP_MEUR,NSA,B1GQ,CZ,2016-Q3,45024.3,
ESTAT:NAMQ_10_GDP(1.0),26/11/21 02:21:00,Q,CP_MEUR,NSA,B1GQ,CZ,2016-Q4,46242.0,
ESTAT:NAMQ_10_GDP(1.0),26/11/21 02:21:00,Q,CP_MEUR,NSA,B1GQ,CZ,2017-Q1,43249.4,
ESTAT:NAMQ_10_GDP(1.0),26/11/21 02:21:00,Q,CP_MEUR,NSA,B1GQ,CZ,2017-Q2,48437.8,
ESTAT:NAMQ_10_GDP(1.0),26/11/21 02:21:00,Q,CP_MEUR,NSA,B1GQ,CZ,2017-Q3,50030.4,
ESTAT:NAMQ_10_GDP(1.0),26/11/21 02:21:00,Q,CP_MEUR,NSA,B1GQ,CZ,2017-Q4,52700.3,
ESTAT:NAMQ_10_GDP(1.0),26/11/21 02:21:00,Q,CP_MEUR,NSA,B1GQ,CZ,2018-Q1,49123.5,
ESTAT:NAMQ_10_GDP(1.0),26/11/21 02:21:00,Q,CP_MEUR,NSA,B1GQ,CZ,2018-Q2,53087.3,
ESTAT:NAMQ_10_GDP(1.0),26/11/21 02:21:00,Q,CP_MEUR,NSA,B1GQ,CZ,2018-Q3,53453.9,
ESTAT:NAMQ_10_GDP(1.0),26/11/21 02:21:00,Q,CP_MEUR,NSA,B1GQ,CZ,2018-Q4,55216.6,
ESTAT:NAMQ_10_GDP(1.0),26/11/21 02:21:00,Q,CP_MEUR,NSA,B1GQ,CZ,2019-Q1,51930.8,
ESTAT:NAMQ_10_GDP(1.0),26/11/21 02:21:00,Q,CP_MEUR,NSA,B1GQ,CZ,2019-Q2,56483.5,
ESTAT:NAMQ_10_GDP(1.0),26/11/21 02:21:00,Q,CP_MEUR,NSA,B1GQ,CZ,2019-Q3,57622.3,
ESTAT:NAMQ_10_GDP(1.0),26/11/21 02:21:00,Q,CP_MEUR,NSA,B1GQ,CZ,2019-Q4,59542.6,
ESTAT:NAMQ_10_GDP(1.0),26/11/21 02:21:00,Q,CP_MEUR,NSA,B1GQ,CZ,2020-Q1,53487.6,
ESTAT:NAMQ_10_GDP(1.0),26/11/21 02:21:00,Q,CP_MEUR,NSA,B1GQ,CZ,2020-Q2,49846.7,
ESTAT:NAMQ_10_GDP(1.0),26/11/21 02:21:00,Q,CP_MEUR,NSA,B1GQ,CZ,2020-Q3,55150.2,
ESTAT:NAMQ_10_GDP(1.0),26/11/21 02:21:00,Q,CP_MEUR,NSA,B1GQ,CZ,2020-Q4,56797.1,
ESTAT:NAMQ_10_GDP(1.0),26/11/21 02:21:00,Q,CP_MEUR,NSA,B1GQ,CZ,2021-Q1,53136.2,
ESTAT:NAMQ_10_GDP(1.0),26/11/21 02:21:00,Q,CP_MEUR,NSA,B1GQ,CZ,2021-Q2,59667.9,
ESTAT:NAMQ_10_GDP(1.0),26/11/21 02:21:00,Q,CP_MEUR,NSA,B1GQ,DE,2016-Q1,762950.0,
ESTAT:NAMQ_10_GDP(1.0),26/11/21 02:21:00,Q,CP_MEUR,NSA,B1GQ,DE,2016-Q2,779080.0,
ESTAT:NAMQ_10_GDP(1.0),26/11/21 02:21:00,Q,CP_MEUR,NSA,B1GQ,DE,2016-Q3,788980.0,
ESTAT:NAMQ_10_GDP(1.0),26/11/21 02:21:00,Q,CP_MEUR,NSA,B1GQ,DE,2016-Q4,803730.0,
ESTAT:NAMQ_10_GDP(1.0),26/11/21 02:21:00,Q,CP_MEUR,NSA,B1GQ,DE,2017-Q1,798840.0,
ESTAT:NAMQ_10_GDP(1.0),26/11/21 02:21:00,Q,CP_MEUR,NSA,B1GQ,DE,2017-Q2,801190.0,
ESTAT:NAMQ_10_GDP(1.0),26/11/21 02:21:00,Q,CP_MEUR,NSA,B1GQ,DE,2017-Q3,823940.0,
ESTAT:NAMQ_10_GDP(1.0),26/11/21 02:21:00,Q,CP_MEUR,NSA,B1GQ,DE,2017-Q4,843190.0,
ESTAT:NAMQ_10_GDP(1.0),26/11/21 02:21:00,Q,CP_MEUR,NSA,B1GQ,DE,2018-Q1,824400.0,p
ESTAT:NAMQ_10_GDP(1.0),26/11/21 02:21:00,Q,CP_MEUR,NSA,B1GQ,DE,2018-Q2,833720.0,p
ESTAT:NAMQ_10_GDP(1.0),26/11/21 02:21:00,Q,CP_MEUR,NSA,B1GQ,DE,2018-Q3,842900.0,p
ESTAT:NAMQ_10_GDP(1.0),26/11/21 02:21:00,Q,CP_MEUR,NSA,B1GQ,DE,2018-Q4,866840.0,p
ESTAT:NAMQ_10_GDP(1.0),26/11/21 02:21:00,Q,CP_MEUR,NSA,B1GQ,DE,2019-Q1,852620.0,p
ESTAT:NAMQ_10_GDP(1.0),26/11/21 02:21:00,Q,CP_MEUR,NSA,B1GQ,DE,2019-Q2,852190.0,p
ESTAT:NAMQ_10_GDP(1.0),26/11/21 02:21:00,Q,CP_MEUR,NSA,B1GQ,DE,2019-Q3,876750.0,p
ESTAT:NAMQ_10_GDP(1.0),26/11/21 02:21:00,Q,CP_MEUR,NSA,B1GQ,DE,2019-Q4,891790.0,p
ESTAT:NAMQ_10_GDP(1.0),26/11/21 02:21:00,Q,CP_MEUR,NSA,B1GQ,DE,2020-Q1,859810.0,p
ESTAT:NAMQ_10_GDP(1.0),26/11/21 02:21:00,Q,CP_MEUR,NSA,B1GQ,DE,2020-Q2,774060.0,p
ESTAT:NAMQ_10_GDP(1.0),26/11/21 02:21:00,Q,CP_MEUR,NSA,B1GQ,DE,2020-Q3,853380.0,p
ESTAT:NAMQ_10_GDP(1.0),26/11/21 02:21:00,Q,CP_MEUR,NSA,B1GQ,DE,2020-Q4,880310.0,p
ESTAT:NAMQ_10_GDP(1.0),26/11/21 02:21:00,Q,CP_MEUR,NSA,B1GQ,DE,2021-Q1,847110.0,p
ESTAT:NAMQ_10_GDP(1.0),26/11/21 02:21:00,Q,CP_MEUR,NSA,B1GQ,DE,2021-Q2,863220.0,p
ESTAT:NAMQ_10_GDP(1.0),26/11/21 02:21:00,Q,CP_MEUR,NSA,B1GQ,DE,2021-Q3,913790.0,p
ESTAT:NAMQ_10_GDP(1.0),26/11/21 02:21:00,Q,CP_MEUR,NSA,B1GQ,DK,2016-Q1,67657.8,
ESTAT:NAMQ_10_GDP(1.0),26/11/21 02:21:00,Q,CP_MEUR,NSA,B1GQ,DK,2016-Q2,71792.7,
ESTAT:NAMQ_10_GDP(1.0),26/11/21 02:21:00,Q,CP_MEUR,NSA,B1GQ,DK,2016-Q3,70072.3,
ESTAT:NAMQ_10_GDP(1.0),26/11/21 02:21:00,Q,CP_MEUR,NSA,B1GQ,DK,2016-Q4,73591.4,
ESTAT:NAMQ_10_GDP(1.0),26/11/21 02:21:00,Q,CP_MEUR,NSA,B1GQ,DK,2017-Q1,71360.7,
ESTAT:NAMQ_10_GDP(1.0),26/11/21 02:21:00,Q,CP_MEUR,NSA,B1GQ,DK,2017-Q2,75064.7,
ESTAT:NAMQ_10_GDP(1.0),26/11/21 02:21:00,Q,CP_MEUR,NSA,B1GQ,DK,2017-Q3,72746.0,
ESTAT:NAMQ_10_GDP(1.0),26/11/21 02:21:00,Q,CP_MEUR,NSA,B1GQ,DK,2017-Q4,75632.7,
ESTAT:NAMQ_10_GDP(1.0),26/11/21 02:21:00,Q,CP_MEUR,NSA,B1GQ,DK,2018-Q1,72332.3,
ESTAT:NAMQ_10_GDP(1.0),26/11/21 02:21:00,Q,CP_MEUR,NSA,B1GQ,DK,2018-Q2,76430.9,
ESTAT:NAMQ_10_GDP(1.0),26/11/21 02:21:00,Q,CP_MEUR,NSA,B1GQ,DK,2018-Q3,75135.7,
ESTAT:NAMQ_10_GDP(1.0),26/11/21 02:21:00,Q,CP_MEUR,NSA,B1GQ,DK,2018-Q4,78427.4,
ESTAT:NAMQ_10_GDP(1.0),26/11/21 02:21:00,Q,CP_MEUR,NSA,B1GQ,DK,2019-Q1,74787.3,
ESTAT:NAMQ_10_GDP(1.0),26/11/21 02:21:00,Q,CP_MEUR,NSA,B1GQ,DK,2019-Q2,78343.4,
ESTAT:NAMQ_10_GDP(1.0),26/11/21 02:21:00,Q,CP_MEUR,NSA,B1GQ,DK,2019-Q3,77276.0,
ESTAT:NAMQ_10_GDP(1.0),26/11/21 02:21:00,Q,CP_MEUR,NSA,B1GQ,DK,2019-Q4,80067.3,
ESTAT:NAMQ_10_GDP(1.0),26/11/21 02:21:00,Q,CP_MEUR,NSA,B1GQ,DK,2020-Q1,77166.3,
ESTAT:NAMQ_10_GDP(1.0),26/11/21 02:21:00,Q,CP_MEUR,NSA,B1GQ,DK,2020-Q2,75261.7,
ESTAT:NAMQ_10_GDP(1.0),26/11/21 02:21:00,Q,CP_MEUR,NSA,B1GQ,DK,2020-Q3,78444.1,
ESTAT:NAMQ_10_GDP(1.0),26/11/21 02:21:00,Q,CP_MEUR,NSA,B1GQ,DK,2020-Q4,81648.6,
ESTAT:NAMQ_10_GDP(1.0),26/11/21 02:21:00,Q,CP_MEUR,NSA,B1GQ,DK,2021-Q1,78132.7,
ESTAT:NAMQ_10_GDP(1.0),26/11/21 02:21:00,Q,CP_MEUR,NSA,B1GQ,DK,2021-Q2,84820.0,
ESTAT:NAMQ_10_GDP(1.0),26/11/21 02:21:00,Q,CP_MEUR,NSA,B1GQ,EA,2016-Q1,2612305.6,
ESTAT:NAMQ_10_GDP(1.0),26/11/21 02:21:00,Q,CP_MEUR,NSA,B1GQ,EA,2016-Q2,2707006.4,
ESTAT:NAMQ_10_GDP(1.0),26/11/21 02:21:00,Q,CP_MEUR,NSA,B1GQ,EA,2016-Q3,2691332.1,
ESTAT:NAMQ_10_GDP(1.0),26/11/21 02:21:00,Q,CP_MEUR,NSA,B1GQ,EA,2016-Q4,2805612.6,
ESTAT:NAMQ_10_GDP(1.0),26/11/21 02:21:00,Q,CP_MEUR,NSA,B1GQ,EA,2017-Q1,2708071.9,
ESTAT:NAMQ_10_GDP(1.0),26/11/21 02:21:00,Q,CP_MEUR,NSA,B1GQ,EA,2017-Q2,2791722.5,
ESTAT:NAMQ_10_GDP(1.0),26/11/21 02:21:00,Q,CP_MEUR,NSA,B1GQ,EA,2017-Q3,2797440.1,
ESTAT:NAMQ_10_GDP(1.0),26/11/21 02:21:00,Q,CP_MEUR,NSA,B1GQ,EA,2017-Q4,2925184.0,
ESTAT:NAMQ_10_GDP(1.0),26/11/21 02:21:00,Q,CP_MEUR,NSA,B1GQ,EA,2018-Q1,2807330.2,
ESTAT:NAMQ_10_GDP(1.0),26/11/21 02:21:00,Q,CP_MEUR,NSA,B1GQ,EA,2018-Q2,2893236.6,
ESTAT:NAMQ_10_GDP(1.0),26/11/21 02:21:00,Q,CP_MEUR,NSA,B1GQ,EA,2018-Q3,2882081.3,
ESTAT:NAMQ_10_GDP(1.0),26/11/21 02:21:00,Q,CP_MEUR,NSA,B1GQ,EA,2018-Q4,3017595.7,
ESTAT:NAMQ_10_GDP(1.0),26/11/21 02:21:00,Q,CP_MEUR,NSA,B1GQ,EA,2019-Q1,2904681.0,
ESTAT:NAMQ_10_GDP(1.0),26/11/21 02:21:00,Q,CP_MEUR,NSA,B1GQ,EA,2019-Q2,2982639.9,
ESTAT:NAMQ_10_GDP(1.0),26/11/21 02:21:00,Q,CP_MEUR,NSA,B1GQ,EA,2019-Q3,2990744.8,
ESTAT:NAMQ_10_GDP(1.0),26/11/21 02:21:00,Q,CP_MEUR,NSA,B1GQ,EA,2019-Q4,3104657.6,
ESTAT:NAMQ_10_GDP(1.0),26/11/21 02:21:00,Q,CP_MEUR,NSA,B1GQ,EA,2020-Q1,2868880.0,
ESTAT:NAMQ_10_GDP(1.0),26/11/21 02:21:00,Q,CP_MEUR,NSA,B1GQ,EA,2020-Q2,2612774.2,
ESTAT:NAMQ_10_GDP(1.0),26/11/21 02:21:00,Q,CP_MEUR,NSA,B1GQ,EA,2020-Q3,2897518.9,
ESTAT:NAMQ_10_GDP(1.0),26/11/21 02:21:00,Q,CP_MEUR,NSA,B1GQ,EA,2020-Q4,3021206.5,
ESTAT:NAMQ_10_GDP(1.0),26/11/21 02:21:00,Q,CP_MEUR,NSA,B1GQ,EA,2021-Q1,2879152.0,
ESTAT:NAMQ_10_GDP(1.0),26/11/21 02:21:00,Q,CP_MEUR,NSA,B1GQ,EA,2021-Q2,3003975.2,
ESTAT:NAMQ_10_GDP(1.0),26/11/21 02:21:00,Q,CP_MEUR,NSA,B1GQ,EA12,2016-Q1,2558106.3,
ESTAT:NAMQ_10_GDP(1.0),26/11/21 02:21:00,Q,CP_MEUR,NSA,B1GQ,EA12,2016-Q2,2647524.8,
ESTAT:NAMQ_10_GDP(1.0),26/11/21 02:21:00,Q,CP_MEUR,NSA,B1GQ,EA12,2016-Q3,2629629.3,
ESTAT:NAMQ_10_GDP(1.0),26/11/21 02:21:00,Q,CP_MEUR,NSA,B1GQ,EA12,2016-Q4,2744033.8,
ESTAT:NAMQ_10_GDP(1.0),26/11/21 02:21:00,Q,CP_MEUR,NSA,B1GQ,EA12,2017-Q1,2650768.6,
ESTAT:NAMQ_10_GDP(1.0),26/11/21 02:21:00,Q,CP_MEUR,NSA,B1GQ,EA12,2017-Q2,2728377.8,
ESTAT:NAMQ_10_GDP(1.0),26/11/21 02:21:00,Q,CP_MEUR,NSA,B1GQ,EA12,2017-Q3,2731356.3,
ESTAT:NAMQ_10_GDP(1.0),26/11/21 02:21:00,Q,CP_MEUR,NSA,B1GQ,EA12,2017-Q4,2859162.6,
ESTAT:NAMQ_10_GDP(1.0),26/11/21 02:21:00,Q,CP_MEUR,NSA,B1GQ,EA12,2018-Q1,2746304.5,
ESTAT:NAMQ_10_GDP(1.0),26/11/21 02:21:00,Q,CP_MEUR,NSA,B1GQ,EA12,2018-Q2,2825404.0,
ESTAT:NAMQ_10_GDP(1.0),26/11/21 02:21:00,Q,CP_MEUR,NSA,B1GQ,EA12,2018-Q3,2811263.5,
ESTAT:NAMQ_10_GDP(1.0),26/11/21 02:21:00,Q,CP_MEUR,NSA,B1GQ,EA12,2018-Q4,2946899.4,
ESTAT:NAMQ_10_GDP(1.0),26/11/21 02:21:00,Q,CP_MEUR,NSA,B1GQ,EA12,2019-Q1,2839226.2,
ESTAT:NAMQ_10_GDP(1.0),26/11/21 02:21:00,Q,CP_MEUR,NSA,B1GQ,EA12,2019-Q2,2910716.0,
ESTAT:NAMQ_10_GDP(1.0),26/11/21 02:21:00,Q,CP_MEUR,NSA,B1GQ,EA12,2019-Q3,2915858.5,
ESTAT:NAMQ_10_GDP(1.0),26/11/21 02:21:00,Q,CP_MEUR,NSA,B1GQ,EA12,2019-Q4,3030180.9,
ESTAT:NAMQ_10_GDP(1.0),26/11/21 02:21:00,Q,CP_MEUR,NSA,B1GQ,EA12,2020-Q1,2802569.3,
ESTAT:NAMQ_10_GDP(1.0),26/11/21 02:21:00,Q,CP_MEUR,NSA,B1GQ,EA12,2020-Q2,2547186.7,
ESTAT:NAMQ_10_GDP(1.0),26/11/21 02:21:00,Q,CP_MEUR,NSA,B1GQ,EA12,2020-Q3,2823671.8,
ESTAT:NAMQ_10_GDP(1.0),26/11/21 02:21:00,Q,CP_MEUR,NSA,B1GQ,EA12,2020-Q4,2947498.5,
ESTAT:NAMQ_10_GDP(1.0),26/11/21 02:21:00,Q,CP_MEUR,NSA,B1GQ,EA12,2021-Q1,2811446.9,
ESTAT:NAMQ_10_GDP(1.0),26/11/21 02:21:00,Q,CP_MEUR,NSA,B1GQ,EA12,2021-Q2,2928508.8,
ESTAT:NAMQ_10_GDP(1.0),26/11/21 02:21:00,Q,CP_MEUR,NSA,B1GQ,EA19,2016-Q1,2612305.6,
ESTAT:NAMQ_10_GDP(1.0),26/11/21 02:21:00,Q,CP_MEUR,NSA,B1GQ,EA19,2016-Q2,2707006.4,
ESTAT:NAMQ_10_GDP(1.0),26/11/21 02:21:00,Q,CP_MEUR,NSA,B1GQ,EA19,2016-Q3,2691332.1,
ESTAT:NAMQ_10_GDP(1.0),26/11/21 02:21:00,Q,CP_MEUR,NSA,B1GQ,EA19,2016-Q4,2805612.6,
ESTAT:NAMQ_10_GDP(1.0),26/11/21 02:21:00,Q,CP_MEUR,NSA,B1GQ,EA19,2017-Q1,2708071.9,
ESTAT:NAMQ_10_GDP(1.0),26/11/21 02:21:00,Q,CP_MEUR,NSA,B1GQ,EA19,2017-Q2,2791722.5,
ESTAT:NAMQ_10_GDP(1.0),26/11/21 02:21:00,Q,CP_MEUR,NSA,B1GQ,EA19,2017-Q3,2797440.1,
ESTAT:NAMQ_10_GDP(1.0),26/11/21 02:21:00,Q,CP_MEUR,NSA,B1GQ,EA19,2017-Q4,2925184.0,
ESTAT:NAMQ_10_GDP(1.0),26/11/21 02:21:00,Q,CP_MEUR,NSA,B1GQ,EA19,2018-Q1,2807330.2,
ESTAT:NAMQ_10_GDP(1.0),26/11/21 02:21:00,Q,CP_MEUR,NSA,B1GQ,EA19,2018-Q2,2893236.6,
ESTAT:NAMQ_10_GDP(1.0),26/11/21 02:21:00,Q,CP_MEUR,NSA,B1GQ,EA19,2018-Q3,2882081.3,
ESTAT:NAMQ_10_GDP(1.0),26/11/21 02:21:00,Q,CP_MEUR,NSA,B1GQ,EA19,2018-Q4,3017595.7,
ESTAT:NAMQ_10_GDP(1.0),26/11/21 02:21:00,Q,CP_MEUR,NSA,B1GQ,EA19,2019-Q1,2904681.0,
ESTAT:NAMQ_10_GDP(1.0),26/11/21 02:21:00,Q,CP_MEUR,NSA,B1GQ,EA19,2019-Q2,2982639.9,
ESTAT:NAMQ_10_GDP(1.0),26/11/21 02:21:00,Q,CP_MEUR,NSA,B1GQ,EA19,2019-Q3,2990744.8,
ESTAT:NAMQ_10_GDP(1.0),26/11/21 02:21:00,Q,CP_MEUR,NSA,B1GQ,EA19,2019-Q4,3104657.6,
ESTAT:NAMQ_10_GDP(1.0),26/11/21 02:21:00,Q,CP_MEUR,NSA,B1GQ,EA19,2020-Q1,2868880.0,
ESTAT:NAMQ_10_GDP(1.0),26/11/21 02:21:00,Q,CP_MEUR,NSA,B1GQ,EA19,2020-Q2,2612774.2,
ESTAT:NAMQ_10_GDP(1.0),26/11/21 02:21:00,Q,CP_MEUR,NSA,B1GQ,EA19,2020-Q3,2897518.9,
ESTAT:NAMQ_10_GDP(1.0),26/11/21 02:21:00,Q,CP_MEUR,NSA,B1GQ,EA19,2020-Q4,3021206.5,
ESTAT:NAMQ_10_GDP(1.0),26/11/21 02:21:00,Q,CP_MEUR,NSA,B1GQ,EA19,2021-Q1,2879152.0,
ESTAT:NAMQ_10_GDP(1.0),26/11/21 02:21:00,Q,CP_MEUR,NSA,B1GQ,EA19,2021-Q2,3003975.2,
ESTAT:NAMQ_10_GDP(1.0),26/11/21 02:21:00,Q,CP_MEUR,NSA,B1GQ,EE,2016-Q1,5073.2,
ESTAT:NAMQ_10_GDP(1.0),26/11/21 02:21:00,Q,CP_MEUR,NSA,B1GQ,EE,2016-Q2,5445.6,
ESTAT:NAMQ_10_GDP(1.0),26/11/21 02:21:00,Q,CP_MEUR,NSA,B1GQ,EE,2016-Q3,5466.6,
ESTAT:NAMQ_10_GDP(1.0),26/11/21 02:21:00,Q,CP_MEUR,NSA,B1GQ,EE,2016-Q4,5762.5,
ESTAT:NAMQ_10_GDP(1.0),26/11/21 02:21:00,Q,CP_MEUR,NSA,B1GQ,EE,2017-Q1,5423.2,
ESTAT:NAMQ_10_GDP(1.0),26/11/21 02:21:00,Q,CP_MEUR,NSA,B1GQ,EE,2017-Q2,6043.6,
ESTAT:NAMQ_10_GDP(1.0),26/11/21 02:21:00,Q,CP_MEUR,NSA,B1GQ,EE,2017-Q3,5982.7,
ESTAT:NAMQ_10_GDP(1.0),26/11/21 02:21:00,Q,CP_MEUR,NSA,B1GQ,EE,2017-Q4,6384.1,
ESTAT:NAMQ_10_GDP(1.0),26/11/21 02:21:00,Q,CP_MEUR,NSA,B1GQ,EE,2018-Q1,5854.6,
ESTAT:NAMQ_10_GDP(1.0),26/11/21 02:21:00,Q,CP_MEUR,NSA,B1GQ,EE,2018-Q2,6468.0,
ESTAT:NAMQ_10_GDP(1.0),26/11/21 02:21:00,Q,CP_MEUR,NSA,B1GQ,EE,2018-Q3,6509.1,
ESTAT:NAMQ_10_GDP(1.0),26/11/21 02:21:00,Q,CP_MEUR,NSA,B1GQ,EE,2018-Q4,6985.9,
ESTAT:NAMQ_10_GDP(1.0),26/11/21 02:21:00,Q,CP_MEUR,NSA,B1GQ,EE,2019-Q1,6387.7,
ESTAT:NAMQ_10_GDP(1.0),26/11/21 02:21:00,Q,CP_MEUR,NSA,B1GQ,EE,2019-Q2,6948.8,
ESTAT:NAMQ_10_GDP(1.0),26/11/21 02:21:00,Q,CP_MEUR,NSA,B1GQ,EE,2019-Q3,7028.9,
ESTAT:NAMQ_10_GDP(1.0),26/11/21 02:21:00,Q,CP_MEUR,NSA,B1GQ,EE,2019-Q4,7367.0,
ESTAT:NAMQ_10_GDP(1.0),26/11/21 02:21:00,Q,CP_MEUR,NSA,B1GQ,EE,2020-Q1,6382.5,
ESTAT:NAMQ_10_GDP(1.0),26/11/21 02:21:00,Q,CP_MEUR,NSA,B1GQ,EE,2020-Q2,6335.8,
ESTAT:NAMQ_10_GDP(1.0),26/11/21 02:21:00,Q,CP_MEUR,NSA,B1GQ,EE,2020-Q3,6829.0,
ESTAT:NAMQ_10_GDP(1.0),26/11/21 02:21:00,Q,CP_MEUR,NSA,B1GQ,EE,2020-Q4,7287.3,
ESTAT:NAMQ_10_GDP(1.0),26/11/21 02:21:00,Q,CP_MEUR,NSA,B1GQ,EE,2021-Q1,6706.3,
ESTAT:NAMQ_10_GDP(1.0),26/11/21 02:21:00,Q,CP_MEUR,NSA,B1GQ,EE,2021-Q2,7413.2,
ESTAT:NAMQ_10_GDP(1.0),26/11/21 02:21:00,Q,CP_MEUR,NSA,B1GQ,EL,2016-Q1,39975.0,
ESTAT:NAMQ_10_GDP(1.0),26/11/21 02:21:00,Q,CP_MEUR,NSA,B1GQ,EL,2016-Q2,43744.0,
ESTAT:NAMQ_10_GDP(1.0),26/11/21 02:21:00,Q,CP_MEUR,NSA,B1GQ,EL,2016-Q3,45767.2,
ESTAT:NAMQ_10_GDP(1.0),26/11/21 02:21:00,Q,CP_MEUR,NSA,B1GQ,EL,2016-Q4,44750.8,
ESTAT:NAMQ_10_GDP(1.0),26/11/21 02:21:00,Q,CP_MEUR,NSA,B1GQ,EL,2017-Q1,40517.1,
ESTAT:NAMQ_10_GDP(1.0),26/11/21 02:21:00,Q,CP_MEUR,NSA,B1GQ,EL,2017-Q2,44299.7,
ESTAT:NAMQ_10_GDP(1.0),26/11/21 02:21:00,Q,CP_MEUR,NSA,B1GQ,EL,2017-Q3,47516.7,
ESTAT:NAMQ_10_GDP(1.0),26/11/21 02:21:00,Q,CP_MEUR,NSA,B1GQ,EL,2017-Q4,44818.4,
ESTAT:NAMQ_10_GDP(1.0),26/11/21 02:21:00,Q,CP_MEUR,NSA,B1GQ,EL,2018-Q1,41137.1,p
ESTAT:NAMQ_10_GDP(1.0),26/11/21 02:21:00,Q,CP_MEUR,NSA,B1GQ,EL,2018-Q2,44887.9,p
ESTAT:NAMQ_10_GDP(1.0),26/11/21 02:21:00,Q,CP_MEUR,NSA,B1GQ,EL,2018-Q3,48323.1,p
ESTAT:NAMQ_10_GDP(1.0),26/11/21 02:21:00,Q,CP_MEUR,NSA,B1GQ,EL,2018-Q4,45379.2,p
ESTAT:NAMQ_10_GDP(1.0),26/11/21 02:21:00,Q,CP_MEUR,NSA,B1GQ,EL,2019-Q1,41551.4,p
ESTAT:NAMQ_10_GDP(1.0),26/11/21 02:21:00,Q,CP_MEUR,NSA,B1GQ,EL,2019-Q2,46069.8,p
ESTAT:NAMQ_10_GDP(1.0),26/11/21 02:21:00,Q,CP_MEUR,NSA,B1GQ,EL,2019-Q3,50051.0,p
ESTAT:NAMQ_10_GDP(1.0),26/11/21 02:21:00,Q,CP_MEUR,NSA,B1GQ,EL,2019-Q4,45741.2,p
ESTAT:NAMQ_10_GDP(1.0),26/11/21 02:21:00,Q,CP_MEUR,NSA,B1GQ,EL,2020-Q1,40561.1,p
ESTAT:NAMQ_10_GDP(1.0),26/11/21 02:21:00,Q,CP_MEUR,NSA,B1GQ,EL,2020-Q2,38128.6,p
ESTAT:NAMQ_10_GDP(1.0),26/11/21 02:21:00,Q,CP_MEUR,NSA,B1GQ,EL,2020-Q3,44593.1,p
ESTAT:NAMQ_10_GDP(1.0),26/11/21 02:21:00,Q,CP_MEUR,NSA,B1GQ,EL,2020-Q4,42547.0,p
ESTAT:NAMQ_10_GDP(1.0),26/11/21 02:21:00,Q,CP_MEUR,NSA,B1GQ,EL,2021-Q1,39383.6,p
ESTAT:NAMQ_10_GDP(1.0),26/11/21 02:21:00,Q,CP_MEUR,NSA,B1GQ,EL,2021-Q2,44341.1,p
ESTAT:NAMQ_10_GDP(1.0),26/11/21 02:21:00,Q,CP_MEUR,NSA,B1GQ,ES,2016-Q1,265844.0,
ESTAT:NAMQ_10_GDP(1.0),26/11/21 02:21:00,Q,CP_MEUR,NSA,B1GQ,ES,2016-Q2,281788.0,
ESTAT:NAMQ_10_GDP(1.0),26/11/21 02:21:00,Q,CP_MEUR,NSA,B1GQ,ES,2016-Q3,275793.0,
ESTAT:NAMQ_10_GDP(1.0),26/11/21 02:21:00,Q,CP_MEUR,NSA,B1GQ,ES,2016-Q4,290415.0,
ESTAT:NAMQ_10_GDP(1.0),26/11/21 02:21:00,Q,CP_MEUR,NSA,B1GQ,ES,2017-Q1,276574.0,
ESTAT:NAMQ_10_GDP(1.0),26/11/21 02:21:00,Q,CP_MEUR,NSA,B1GQ,ES,2017-Q2,294157.0,
ESTAT:NAMQ_10_GDP(1.0),26/11/21 02:21:00,Q,CP_MEUR,NSA,B1GQ,ES,2017-Q3,287429.0,
ESTAT:NAMQ_10_GDP(1.0),26/11/21 02:21:00,Q,CP_MEUR,NSA,B1GQ,ES,2017-Q4,303707.0,
ESTAT:NAMQ_10_GDP(1.0),26/11/21 02:21:00,Q,CP_MEUR,NSA,B1GQ,ES,2018-Q1,286562.0,
ESTAT:NAMQ_10_GDP(1.0),26/11/21 02:21:00,Q,CP_MEUR,NSA,B1GQ,ES,2018-Q2,304836.0,
ESTAT:NAMQ_10_GDP(1.0),26/11/21 02:21:00,Q,CP_MEUR,NSA,B1GQ,ES,2018-Q3,296887.0,
ESTAT:NAMQ_10_GDP(1.0),26/11/21 02:21:00,Q,CP_MEUR,NSA,B1GQ,ES,2018-Q4,314974.0,
ESTAT:NAMQ_10_GDP(1.0),26/11/21 02:21:00,Q,CP_MEUR,NSA,B1GQ,ES,2019-Q1,299029.0,p
ESTAT:NAMQ_10_GDP(1.0),26/11/21 02:21:00,Q,CP_MEUR,NSA,B1GQ,ES,2019-Q2,315507.0,p
ESTAT:NAMQ_10_GDP(1.0),26/11/21 02:21:00,Q,CP_MEUR,NSA,B1GQ,ES,2019-Q3,305611.0,p
ESTAT:NAMQ_10_GDP(1.0),26/11/21 02:21:00,Q,CP_MEUR,NSA,B1GQ,ES,2019-Q4,324228.0,p
ESTAT:NAMQ_10_GDP(1.0),26/11/21 02:21:00,Q,CP_MEUR,NSA,B1GQ,ES,2020-Q1,289305.0,p
ESTAT:NAMQ_10_GDP(1.0),26/11/21 02:21:00,Q,CP_MEUR,NSA,B1GQ,ES,2020-Q2,251187.0,p
ESTAT:NAMQ_10_GDP(1.0),26/11/21 02:21:00,Q,CP_MEUR,NSA,B1GQ,ES,2020-Q3,282149.0,p
ESTAT:NAMQ_10_GDP(1.0),26/11/21 02:21:00,Q,CP_MEUR,NSA,B1GQ,ES,2020-Q4,299307.0,p
ESTAT:NAMQ_10_GDP(1.0),26/11/21 02:21:00,Q,CP_MEUR,NSA,B1GQ,ES,2021-Q1,279459.0,p
ESTAT:NAMQ_10_GDP(1.0),26/11/21 02:21:00,Q,CP_MEUR,NSA,B1GQ,ES,2021-Q2,299407.0,p
ESTAT:NAMQ_10_GDP(1.0),26/11/21 02:21:00,Q,CP_MEUR,NSA,B1GQ,ES,2021-Q3,294657.0,p
ESTAT:NAMQ_10_GDP(1.0),26/11/21 02:21:00,Q,CP_MEUR,NSA,B1GQ,EU15,2016-Q1,3376689.2,
ESTAT:NAMQ_10_GDP(1.0),26/11/21 02:21:00,Q,CP_MEUR,NSA,B1GQ,EU15,2016-Q2,3470987.9,
ESTAT:NAMQ_10_GDP(1.0),26/11/21 02:21:00,Q,CP_MEUR,NSA,B1GQ,EU15,2016-Q3,3390914.5,
ESTAT:NAMQ_10_GDP(1.0),26/11/21 02:21:00,Q,CP_MEUR,NSA,B1GQ,EU15,2016-Q4,3524198.0,
ESTAT:NAMQ_10_GDP(1.0),26/11/21 02:21:00,Q,CP_MEUR,NSA,B1GQ,EU15,2017-Q1,3436442.2,
ESTAT:NAMQ_10_GDP(1.0),26/11/21 02:21:00,Q,CP_MEUR,NSA,B1GQ,EU15,2017-Q2,3519271.1,
ESTAT:NAMQ_10_GDP(1.0),26/11/21 02:21:00,Q,CP_MEUR,NSA,B1GQ,EU15,2017-Q3,3492468.5,
ESTAT:NAMQ_10_GDP(1.0),26/11/21 02:21:00,Q,CP_MEUR,NSA,B1GQ,EU15,2017-Q4,3656107.1,
ESTAT:NAMQ_10_GDP(1.0),26/11/21 02:21:00,Q,CP_MEUR,NSA,B1GQ,EU15,2018-Q1,3533243.0,
ESTAT:NAMQ_10_GDP(1.0),26/11/21 02:21:00,Q,CP_MEUR,NSA,B1GQ,EU15,2018-Q2,3627661.2,
ESTAT:NAMQ_10_GDP(1.0),26/11/21 02:21:00,Q,CP_MEUR,NSA,B1GQ,EU15,2018-Q3,3595879.2,
ESTAT:NAMQ_10_GDP(1.0),26/11/21 02:21:00,Q,CP_MEUR,NSA,B1GQ,EU15,2018-Q4,3766986.9,
ESTAT:NAMQ_10_GDP(1.0),26/11/21 02:21:00,Q,CP_MEUR,NSA,B1GQ,EU15,2019-Q1,3661425.3,
ESTAT:NAMQ_10_GDP(1.0),26/11/21 02:21:00,Q,CP_MEUR,NSA,B1GQ,EU15,2019-Q2,3734414.4,
ESTAT:NAMQ_10_GDP(1.0),26/11/21 02:21:00,Q,CP_MEUR,NSA,B1GQ,EU15,2019-Q3,3719188.6,
ESTAT:NAMQ_10_GDP(1.0),26/11/21 02:21:00,Q,CP_MEUR,NSA,B1GQ,EU15,2019-Q4,3894913.6,
ESTAT:NAMQ_10_GDP(1.0),26/11/21 02:21:00,Q,CP_MEUR,NSA,B1GQ,EU27_2020,2016-Q1,3010716.7,
ESTAT:NAMQ_10_GDP(1.0),26/11/21 02:21:00,Q,CP_MEUR,NSA,B1GQ,EU27_2020,2016-Q2,3141718.2,
ESTAT:NAMQ_10_GDP(1.0),26/11/21 02:21:00,Q,CP_MEUR,NSA,B1GQ,EU27_2020,2016-Q3,3125718.6,
ESTAT:NAMQ_10_GDP(1.0),26/11/21 02:21:00,Q,CP_MEUR,NSA,B1GQ,EU27_2020,2016-Q4,3274371.9,
ESTAT:NAMQ_10_GDP(1.0),26/11/21 02:21:00,Q,CP_MEUR,NSA,B1GQ,EU27_2020,2017-Q1,3130777.5,
ESTAT:NAMQ_10_GDP(1.0),26/11/21 02:21:00,Q,CP_MEUR,NSA,B1GQ,EU27_2020,2017-Q2,3251530.1,
ESTAT:NAMQ_10_GDP(1.0),26/11/21 02:21:00,Q,CP_MEUR,NSA,B1GQ,EU27_2020,2017-Q3,3264720.0,
ESTAT:NAMQ_10_GDP(1.0),26/11/21 02:21:00,Q,CP_MEUR,NSA,B1GQ,EU27_2020,2017-Q4,3429022.9,
ESTAT:NAMQ_10_GDP(1.0),26/11/21 02:21:00,Q,CP_MEUR,NSA,B1GQ,EU27_2020,2018-Q1,3253364.8,
ESTAT:NAMQ_10_GDP(1.0),26/11/21 02:21:00,Q,CP_MEUR,NSA,B1GQ,EU27_2020,2018-Q2,3371317.6,
ESTAT:NAMQ_10_GDP(1.0),26/11/21 02:21:00,Q,CP_MEUR,NSA,B1GQ,EU27_2020,2018-Q3,3365231.5,
ESTAT:NAMQ_10_GDP(1.0),26/11/21 02:21:00,Q,CP_MEUR,NSA,B1GQ,EU27_2020,2018-Q4,3541585.5,
ESTAT:NAMQ_10_GDP(1.0),26/11/21 02:21:00,Q,CP_MEUR,NSA,B1GQ,EU27_2020,2019-Q1,3371252.3,
ESTAT:NAMQ_10_GDP(1.0),26/11/21 02:21:00,Q,CP_MEUR,NSA,B1GQ,EU27_2020,2019-Q2,3487027.6,
ESTAT:NAMQ_10_GDP(1.0),26/11/21 02:21:00,Q,CP_MEUR,NSA,B1GQ,EU27_2020,2019-Q3,3501967.3,
ESTAT:NAMQ_10_GDP(1.0),26/11/21 02:21:00,Q,CP_MEUR,NSA,B1GQ,EU27_2020,2019-Q4,3655394.9,
ESTAT:NAMQ_10_GDP(1.0),26/11/21 02:21:00,Q,CP_MEUR,NSA,B1GQ,EU27_2020,2020-Q1,3348776.7,
ESTAT:NAMQ_10_GDP(1.0),26/11/21 02:21:00,Q,CP_MEUR,NSA,B1GQ,EU27_2020,2020-Q2,3073828.5,
ESTAT:NAMQ_10_GDP(1.0),26/11/21 02:21:00,Q,CP_MEUR,NSA,B1GQ,EU27_2020,2020-Q3,3402207.9,
ESTAT:NAMQ_10_GDP(1.0),26/11/21 02:21:00,Q,CP_MEUR,NSA,B1GQ,EU27_2020,2020-Q4,3568916.3,
ESTAT:NAMQ_10_GDP(1.0),26/11/21 02:21:00,Q,CP_MEUR,NSA,B1GQ,EU27_2020,2021-Q1,3367707.6,
ESTAT:NAMQ_10_GDP(1.0),26/11/21 02:21:00,Q,CP_MEUR,NSA,B1GQ,EU27_2020,2021-Q2,3542705.5,
ESTAT:NAMQ_10_GDP(1.0),26/11/21 02:21:00,Q,CP_MEUR,NSA,B1GQ,EU28,2016-Q1,3649283.3,
ESTAT:NAMQ_10_GDP(1.0),26/11/21 02:21:00,Q,CP_MEUR,NSA,B1GQ,EU28,2016-Q2,3770918.9,
ESTAT:NAMQ_10_GDP(1.0),26/11/21 02:21:00,Q,CP_MEUR,NSA,B1GQ,EU28,2016-Q3,3705613.8,
ESTAT:NAMQ_10_GDP(1.0),26/11/21 02:21:00,Q,CP_MEUR,NSA,B1GQ,EU28,2016-Q4,3860828.6,
ESTAT:NAMQ_10_GDP(1.0),26/11/21 02:21:00,Q,CP_MEUR,NSA,B1GQ,EU28,2017-Q1,3728751.6,
ESTAT:NAMQ_10_GDP(1.0),26/11/21 02:21:00,Q,CP_MEUR,NSA,B1GQ,EU28,2017-Q2,3844580.9,
ESTAT:NAMQ_10_GDP(1.0),26/11/21 02:21:00,Q,CP_MEUR,NSA,B1GQ,EU28,2017-Q3,3837096.4,
ESTAT:NAMQ_10_GDP(1.0),26/11/21 02:21:00,Q,CP_MEUR,NSA,B1GQ,EU28,2017-Q4,4025411.5,
ESTAT:NAMQ_10_GDP(1.0),26/11/21 02:21:00,Q,CP_MEUR,NSA,B1GQ,EU28,2018-Q1,3851943.2,
ESTAT:NAMQ_10_GDP(1.0),26/11/21 02:21:00,Q,CP_MEUR,NSA,B1GQ,EU28,2018-Q2,3976297.0,
ESTAT:NAMQ_10_GDP(1.0),26/11/21 02:21:00,Q,CP_MEUR,NSA,B1GQ,EU28,2018-Q3,3964470.7,
ESTAT:NAMQ_10_GDP(1.0),26/11/21 02:21:00,Q,CP_MEUR,NSA,B1GQ,EU28,2018-Q4,4159685.9,
ESTAT:NAMQ_10_GDP(1.0),26/11/21 02:21:00,Q,CP_MEUR,NSA,B1GQ,EU28,2019-Q1,4002073.4,
ESTAT:NAMQ_10_GDP(1.0),26/11/21 02:21:00,Q,CP_MEUR,NSA,B1GQ,EU28,2019-Q2,4110275.0,
ESTAT:NAMQ_10_GDP(1.0),26/11/21 02:21:00,Q,CP_MEUR,NSA,B1GQ,EU28,2019-Q3,4114168.1,
ESTAT:NAMQ_10_GDP(1.0),26/11/21 02:21:00,Q,CP_MEUR,NSA,B1GQ,EU28,2019-Q4,4315740.8,
ESTAT:NAMQ_10_GDP(1.0),26/11/21 02:21:00,Q,CP_MEUR,NSA,B1GQ,FI,2016-Q1,51546.0,
ESTAT:NAMQ_10_GDP(1.0),26/11/21 02:21:00,Q,CP_MEUR,NSA,B1GQ,FI,2016-Q2,54892.0,
ESTAT:NAMQ_10_GDP(1.0),26/11/21 02:21:00,Q,CP_MEUR,NSA,B1GQ,FI,2016-Q3,54097.0,
ESTAT:NAMQ_10_GDP(1.0),26/11/21 02:21:00,Q,CP_MEUR,NSA,B1GQ,FI,2016-Q4,56983.0,
ESTAT:NAMQ_10_GDP(1.0),26/11/21 02:21:00,Q,CP_MEUR,NSA,B1GQ,FI,2017-Q1,53773.0,
ESTAT:NAMQ_10_GDP(1.0),26/11/21 02:21:00,Q,CP_MEUR,NSA,B1GQ,FI,2017-Q2,56968.0,
ESTAT:NAMQ_10_GDP(1.0),26/11/21 02:21:00,Q,CP_MEUR,NSA,B1GQ,FI,2017-Q3,56004.0,
ESTAT:NAMQ_10_GDP(1.0),26/11/21 02:21:00,Q,CP_MEUR,NSA,B1GQ,FI,2017-Q4,59556.0,
ESTAT:NAMQ_10_GDP(1.0),26/11/21 02:21:00,Q,CP_MEUR,NSA,B1GQ,FI,2018-Q1,55736.0,
ESTAT:NAMQ_10_GDP(1.0),26/11/21 02:21:00,Q,CP_MEUR,NSA,B1GQ,FI,2018-Q2,58910.0,
ESTAT:NAMQ_10_GDP(1.0),26/11/21 02:21:00,Q,CP_MEUR,NSA,B1GQ,FI,2018-Q3,57748.0,
ESTAT:NAMQ_10_GDP(1.0),26/11/21 02:21:00,Q,CP_MEUR,NSA,B1GQ,FI,2018-Q4,61074.0,
ESTAT:NAMQ_10_GDP(1.0),26/11/21 02:21:00,Q,CP_MEUR,NSA,B1GQ,FI,2019-Q1,57170.0,
ESTAT:NAMQ_10_GDP(1.0),26/11/21 02:21:00,Q,CP_MEUR,NSA,B1GQ,FI,2019-Q2,60690.0,
ESTAT:NAMQ_10_GDP(1.0),26/11/21 02:21:00,Q,CP_MEUR,NSA,B1GQ,FI,2019-Q3,59651.0,
ESTAT:NAMQ_10_GDP(1.0),26/11/21 02:21:00,Q,CP_MEUR,NSA,B1GQ,FI,2019-Q4,62586.0,
ESTAT:NAMQ_10_GDP(1.0),26/11/21 02:21:00,Q,CP_MEUR,NSA,B1GQ,FI,2020-Q1,58225.0,
ESTAT:NAMQ_10_GDP(1.0),26/11/21 02:21:00,Q,CP_MEUR,NSA,B1GQ,FI,2020-Q2,57414.0,
ESTAT:NAMQ_10_GDP(1.0),26/11/21 02:21:00,Q,CP_MEUR,NSA,B1GQ,FI,2020-Q3,58509.0,
ESTAT:NAMQ_10_GDP(1.0),26/11/21 02:21:00,Q,CP_MEUR,NSA,B1GQ,FI,2020-Q4,62021.0,
ESTAT:NAMQ_10_GDP(1.0),26/11/21 02:21:00,Q,CP_MEUR,NSA,B1GQ,FI,2021-Q1,57575.0,
ESTAT:NAMQ_10_GDP(1.0),26/11/21 02:21:00,Q,CP_MEUR,NSA,B1GQ,FI,2021-Q2,62639.0,
ESTAT:NAMQ_10_GDP(1.0),26/11/21 02:21:00,Q,CP_MEUR,NSA,B1GQ,FR,2016-Q1,553849.0,
ESTAT:NAMQ_10_GDP(1.0),26/11/21 02:21:00,Q,CP_MEUR,NSA,B1GQ,FR,2016-Q2,561659.0,
ESTAT:NAMQ_10_GDP(1.0),26/11/21 02:21:00,Q,CP_MEUR,NSA,B1GQ,FR,2016-Q3,545476.0,
ESTAT:NAMQ_10_GDP(1.0),26/11/21 02:21:00,Q,CP_MEUR,NSA,B1GQ,FR,2016-Q4,573145.0,
ESTAT:NAMQ_10_GDP(1.0),26/11/21 02:21:00,Q,CP_MEUR,NSA,B1GQ,FR,2017-Q1,565864.0,
ESTAT:NAMQ_10_GDP(1.0),26/11/21 02:21:00,Q,CP_MEUR,NSA,B1GQ,FR,2017-Q2,573571.0,
ESTAT:NAMQ_10_GDP(1.0),26/11/21 02:21:00,Q,CP_MEUR,NSA,B1GQ,FR,2017-Q3,563494.0,
ESTAT:NAMQ_10_GDP(1.0),26/11/21 02:21:00,Q,CP_MEUR,NSA,B1GQ,FR,2017-Q4,594313.0,
ESTAT:NAMQ_10_GDP(1.0),26/11/21 02:21:00,Q,CP_MEUR,NSA,B1GQ,FR,2018-Q1,582411.0,
ESTAT:NAMQ_10_GDP(1.0),26/11/21 02:21:00,Q,CP_MEUR,NSA,B1GQ,FR,2018-Q2,587996.0,
ESTAT:NAMQ_10_GDP(1.0),26/11/21 02:21:00,Q,CP_MEUR,NSA,B1GQ,FR,2018-Q3,580036.0,
ESTAT:NAMQ_10_GDP(1.0),26/11/21 02:21:00,Q,CP_MEUR,NSA,B1GQ,FR,2018-Q4,612862.0,
ESTAT:NAMQ_10_GDP(1.0),26/11/21 02:21:00,Q,CP_MEUR,NSA,B1GQ,FR,2019-Q1,600951.0,
ESTAT:NAMQ_10_GDP(1.0),26/11/21 02:21:00,Q,CP_MEUR,NSA,B1GQ,FR,2019-Q2,610206.0,
ESTAT:NAMQ_10_GDP(1.0),26/11/21 02:21:00,Q,CP_MEUR,NSA,B1GQ,FR,2019-Q3,601040.0,
ESTAT:NAMQ_10_GDP(1.0),26/11/21 02:21:00,Q,CP_MEUR,NSA,B1GQ,FR,2019-Q4,625438.0,
ESTAT:NAMQ_10_GDP(1.0),26/11/21 02:21:00,Q,CP_MEUR,NSA,B1GQ,FR,2020-Q1,580731.0,
ESTAT:NAMQ_10_GDP(1.0),26/11/21 02:21:00,Q,CP_MEUR,NSA,B1GQ,FR,2020-Q2,523511.0,
ESTAT:NAMQ_10_GDP(1.0),26/11/21 02:21:00,Q,CP_MEUR,NSA,B1GQ,FR,2020-Q3,583992.0,
ESTAT:NAMQ_10_GDP(1.0),26/11/21 02:21:00,Q,CP_MEUR,NSA,B1GQ,FR,2020-Q4,614626.0,
ESTAT:NAMQ_10_GDP(1.0),26/11/21 02:21:00,Q,CP_MEUR,NSA,B1GQ,FR,2021-Q1,599961.0,
ESTAT:NAMQ_10_GDP(1.0),26/11/21 02:21:00,Q,CP_MEUR,NSA,B1GQ,FR,2021-Q2,613263.0,
ESTAT:NAMQ_10_GDP(1.0),26/11/21 02:21:00,Q,CP_MEUR,NSA,B1GQ,FR,2021-Q3,615836.0,
ESTAT:NAMQ_10_GDP(1.0),26/11/21 02:21:00,Q,CP_MEUR,NSA,B1GQ,HR,2016-Q1,10337.0,
ESTAT:NAMQ_10_GDP(1.0),26/11/21 02:21:00,Q,CP_MEUR,NSA,B1GQ,HR,2016-Q2,11880.5,
ESTAT:NAMQ_10_GDP(1.0),26/11/21 02:21:00,Q,CP_MEUR,NSA,B1GQ,HR,2016-Q3,13247.8,
ESTAT:NAMQ_10_GDP(1.0),26/11/21 02:21:00,Q,CP_MEUR,NSA,B1GQ,HR,2016-Q4,11798.5,
ESTAT:NAMQ_10_GDP(1.0),26/11/21 02:21:00,Q,CP_MEUR,NSA,B1GQ,HR,2017-Q1,10916.9,
ESTAT:NAMQ_10_GDP(1.0),26/11/21 02:21:00,Q,CP_MEUR,NSA,B1GQ,HR,2017-Q2,12551.4,
ESTAT:NAMQ_10_GDP(1.0),26/11/21 02:21:00,Q,CP_MEUR,NSA,B1GQ,HR,2017-Q3,14113.2,
ESTAT:NAMQ_10_GDP(1.0),26/11/21 02:21:00,Q,CP_MEUR,NSA,B1GQ,HR,2017-Q4,12317.2,
ESTAT:NAMQ_10_GDP(1.0),26/11/21 02:21:00,Q,CP_MEUR,NSA,B1GQ,HR,2018-Q1,11426.8,
ESTAT:NAMQ_10_GDP(1.0),26/11/21 02:21:00,Q,CP_MEUR,NSA,B1GQ,HR,2018-Q2,13329.9,
ESTAT:NAMQ_10_GDP(1.0),26/11/21 02:21:00,Q,CP_MEUR,NSA,B1GQ,HR,2018-Q3,14853.7,
ESTAT:NAMQ_10_GDP(1.0),26/11/21 02:21:00,Q,CP_MEUR,NSA,B1GQ,HR,2018-Q4,13084.0,
ESTAT:NAMQ_10_GDP(1.0),26/11/21 02:21:00,Q,CP_MEUR,NSA,B1GQ,HR,2019-Q1,12219.9,
ESTAT:NAMQ_10_GDP(1.0),26/11/21 02:21:00,Q,CP_MEUR,NSA,B1GQ,HR,2019-Q2,13987.1,
ESTAT:NAMQ_10_GDP(1.0),26/11/21 02:21:00,Q,CP_MEUR,NSA,B1GQ,HR,2019-Q3,15631.8,
ESTAT:NAMQ_10_GDP(1.0),26/11/21 02:21:00,Q,CP_MEUR,NSA,B1GQ,HR,2019-Q4,13738.2,
ESTAT:NAMQ_10_GDP(1.0),26/11/21 02:21:00,Q,CP_MEUR,NSA,B1GQ,HR,2020-Q1,12451.2,p
ESTAT:NAMQ_10_GDP(1.0),26/11/21 02:21:00,Q,CP_MEUR,NSA,B1GQ,HR,2020-Q2,11655.9,p
ESTAT:NAMQ_10_GDP(1.0),26/11/21 02:21:00,Q,CP_MEUR,NSA,B1GQ,HR,2020-Q3,13462.5,p
ESTAT:NAMQ_10_GDP(1.0),26/11/21 02:21:00,Q,CP_MEUR,NSA,B1GQ,HR,2020-Q4,12623.1,p
ESTAT:NAMQ_10_GDP(1.0),26/11/21 02:21:00,Q,CP_MEUR,NSA,B1GQ,HR,2021-Q1,12334.9,p
ESTAT:NAMQ_10_GDP(1.0),26/11/21 02:21:00,Q,CP_MEUR,NSA,B1GQ,HR,2021-Q2,14039.4,p
ESTAT:NAMQ_10_GDP(1.0),26/11/21 02:21:00,Q,CP_MEUR,NSA,B1GQ,HU,2016-Q1,25399.1,
ESTAT:NAMQ_10_GDP(1.0),26/11/21 02:21:00,Q,CP_MEUR,NSA,B1GQ,HU,2016-Q2,28847.7,
ESTAT:NAMQ_10_GDP(1.0),26/11/21 02:21:00,Q,CP_MEUR,NSA,B1GQ,HU,2016-Q3,29886.2,
ESTAT:NAMQ_10_GDP(1.0),26/11/21 02:21:00,Q,CP_MEUR,NSA,B1GQ,HU,2016-Q4,32177.6,
ESTAT:NAMQ_10_GDP(1.0),26/11/21 02:21:00,Q,CP_MEUR,NSA,B1GQ,HU,2017-Q1,27609.1,
ESTAT:NAMQ_10_GDP(1.0),26/11/21 02:21:00,Q,CP_MEUR,NSA,B1GQ,HU,2017-Q2,31311.1,
ESTAT:NAMQ_10_GDP(1.0),26/11/21 02:21:00,Q,CP_MEUR,NSA,B1GQ,HU,2017-Q3,32900.2,
ESTAT:NAMQ_10_GDP(1.0),26/11/21 02:21:00,Q,CP_MEUR,NSA,B1GQ,HU,2017-Q4,35197.3,
ESTAT:NAMQ_10_GDP(1.0),26/11/21 02:21:00,Q,CP_MEUR,NSA,B1GQ,HU,2018-Q1,30111.8,
ESTAT:NAMQ_10_GDP(1.0),26/11/21 02:21:00,Q,CP_MEUR,NSA,B1GQ,HU,2018-Q2,33661.0,
ESTAT:NAMQ_10_GDP(1.0),26/11/21 02:21:00,Q,CP_MEUR,NSA,B1GQ,HU,2018-Q3,34576.9,
ESTAT:NAMQ_10_GDP(1.0),26/11/21 02:21:00,Q,CP_MEUR,NSA,B1GQ,HU,2018-Q4,37593.7,
ESTAT:NAMQ_10_GDP(1.0),26/11/21 02:21:00,Q,CP_MEUR,NSA,B1GQ,HU,2019-Q1,32578.9,
ESTAT:NAMQ_10_GDP(1.0),26/11/21 02:21:00,Q,CP_MEUR,NSA,B1GQ,HU,2019-Q2,36387.9,
ESTAT:NAMQ_10_GDP(1.0),26/11/21 02:21:00,Q,CP_MEUR,NSA,B1GQ,HU,2019-Q3,37281.9,
ESTAT:NAMQ_10_GDP(1.0),26/11/21 02:21:00,Q,CP_MEUR,NSA,B1GQ,HU,2019-Q4,39734.4,
ESTAT:NAMQ_10_GDP(1.0),26/11/21 02:21:00,Q,CP_MEUR,NSA,B1GQ,HU,2020-Q1,32518.6,p
ESTAT:NAMQ_10_GDP(1.0),26/11/21 02:21:00,Q,CP_MEUR,NSA,B1GQ,HU,2020-Q2,30964.0,p
ESTAT:NAMQ_10_GDP(1.0),26/11/21 02:21:00,Q,CP_MEUR,NSA,B1GQ,HU,2020-Q3,34869.0,p
ESTAT:NAMQ_10_GDP(1.0),26/11/21 02:21:00,Q,CP_MEUR,NSA,B1GQ,HU,2020-Q4,38128.3,p
ESTAT:NAMQ_10_GDP(1.0),26/11/21 02:21:00,Q,CP_MEUR,NSA,B1GQ,HU,2021-Q1,31695.9,p
ESTAT:NAMQ_10_GDP(1.0),26/11/21 02:21:00,Q,CP_MEUR,NSA,B1GQ,HU,2021-Q2,37728.8,p
ESTAT:NAMQ_10_GDP(1.0),26/11/21 02:21:00,Q,CP_MEUR,NSA,B1GQ,IE,2016-Q1,64423.5,
ESTAT:NAMQ_10_GDP(1.0),26/11/21 02:21:00,Q,CP_MEUR,NSA,B1GQ,IE,2016-Q2,63266.1,
ESTAT:NAMQ_10_GDP(1.0),26/11/21 02:21:00,Q,CP_MEUR,NSA,B1GQ,IE,2016-Q3,68540.7,
ESTAT:NAMQ_10_GDP(1.0),26/11/21 02:21:00,Q,CP_MEUR,NSA,B1GQ,IE,2016-Q4,73827.9,
ESTAT:NAMQ_10_GDP(1.0),26/11/21 02:21:00,Q,CP_MEUR,NSA,B1GQ,IE,2017-Q1,69271.4,
ESTAT:NAMQ_10_GDP(1.0),26/11/21 02:21:00,Q,CP_MEUR,NSA,B1GQ,IE,2017-Q2,69679.2,
ESTAT:NAMQ_10_GDP(1.0),26/11/21 02:21:00,Q,CP_MEUR,NSA,B1GQ,IE,2017-Q3,77295.8,
ESTAT:NAMQ_10_GDP(1.0),26/11/21 02:21:00,Q,CP_MEUR,NSA,B1GQ,IE,2017-Q4,80678.8,
ESTAT:NAMQ_10_GDP(1.0),26/11/21 02:21:00,Q,CP_MEUR,NSA,B1GQ,IE,2018-Q1,79310.5,
ESTAT:NAMQ_10_GDP(1.0),26/11/21 02:21:00,Q,CP_MEUR,NSA,B1GQ,IE,2018-Q2,78151.0,
ESTAT:NAMQ_10_GDP(1.0),26/11/21 02:21:00,Q,CP_MEUR,NSA,B1GQ,IE,2018-Q3,84578.1,
ESTAT:NAMQ_10_GDP(1.0),26/11/21 02:21:00,Q,CP_MEUR,NSA,B1GQ,IE,2018-Q4,84003.2,
ESTAT:NAMQ_10_GDP(1.0),26/11/21 02:21:00,Q,CP_MEUR,NSA,B1GQ,IE,2019-Q1,86107.4,
ESTAT:NAMQ_10_GDP(1.0),26/11/21 02:21:00,Q,CP_MEUR,NSA,B1GQ,IE,2019-Q2,84701.2,
ESTAT:NAMQ_10_GDP(1.0),26/11/21 02:21:00,Q,CP_MEUR,NSA,B1GQ,IE,2019-Q3,93185.3,
ESTAT:NAMQ_10_GDP(1.0),26/11/21 02:21:00,Q,CP_MEUR,NSA,B1GQ,IE,2019-Q4,92532.3,
ESTAT:NAMQ_10_GDP(1.0),26/11/21 02:21:00,Q,CP_MEUR,NSA,B1GQ,IE,2020-Q1,93183.2,
ESTAT:NAMQ_10_GDP(1.0),26/11/21 02:21:00,Q,CP_MEUR,NSA,B1GQ,IE,2020-Q2,84561.8,
ESTAT:NAMQ_10_GDP(1.0),26/11/21 02:21:00,Q,CP_MEUR,NSA,B1GQ,IE,2020-Q3,100959.8,
ESTAT:NAMQ_10_GDP(1.0),26/11/21 02:21:00,Q,CP_MEUR,NSA,B1GQ,IE,2020-Q4,94163.6,
ESTAT:NAMQ_10_GDP(1.0),26/11/21 02:21:00,Q,CP_MEUR,NSA,B1GQ,IE,2021-Q1,101565.7,
ESTAT:NAMQ_10_GDP(1.0),26/11/21 02:21:00,Q,CP_MEUR,NSA,B1GQ,IE,2021-Q2,100342.0,
ESTAT:NAMQ_10_GDP(1.0),26/11/21 02:21:00,Q,CP_MEUR,NSA,B1GQ,IS,2016-Q1,4000.9,
ESTAT:NAMQ_10_GDP(1.0),26/11/21 02:21:00,Q,CP_MEUR,NSA,B1GQ,IS,2016-Q2,4434.0,
ESTAT:NAMQ_10_GDP(1.0),26/11/21 02:21:00,Q,CP_MEUR,NSA,B1GQ,IS,2016-Q3,5125.5,
ESTAT:NAMQ_10_GDP(1.0),26/11/21 02:21:00,Q,CP_MEUR,NSA,B1GQ,IS,2016-Q4,5333.7,
ESTAT:NAMQ_10_GDP(1.0),26/11/21 02:21:00,Q,CP_MEUR,NSA,B1GQ,IS,2017-Q1,5016.5,
ESTAT:NAMQ_10_GDP(1.0),26/11/21 02:21:00,Q,CP_MEUR,NSA,B1GQ,IS,2017-Q2,5646.4,
ESTAT:NAMQ_10_GDP(1.0),26/11/21 02:21:00,Q,CP_MEUR,NSA,B1GQ,IS,2017-Q3,5745.0,
ESTAT:NAMQ_10_GDP(1.0),26/11/21 02:21:00,Q,CP_MEUR,NSA,B1GQ,IS,2017-Q4,5524.1,
ESTAT:NAMQ_10_GDP(1.0),26/11/21 02:21:00,Q,CP_MEUR,NSA,B1GQ,IS,2018-Q1,5314.1,
ESTAT:NAMQ_10_GDP(1.0),26/11/21 02:21:00,Q,CP_MEUR,NSA,B1GQ,IS,2018-Q2,5740.6,
ESTAT:NAMQ_10_GDP(1.0),26/11/21 02:21:00,Q,CP_MEUR,NSA,B1GQ,IS,2018-Q3,5953.3,
ESTAT:NAMQ_10_GDP(1.0),26/11/21 02:21:00,Q,CP_MEUR,NSA,B1GQ,IS,2018-Q4,5324.5,
ESTAT:NAMQ_10_GDP(1.0),26/11/21 02:21:00,Q,CP_MEUR,NSA,B1GQ,IS,2019-Q1,5038.6,
ESTAT:NAMQ_10_GDP(1.0),26/11/21 02:21:00,Q,CP_MEUR,NSA,B1GQ,IS,2019-Q2,5535.2,
ESTAT:NAMQ_10_GDP(1.0),26/11/21 02:21:00,Q,CP_MEUR,NSA,B1GQ,IS,2019-Q3,5786.4,
ESTAT:NAMQ_10_GDP(1.0),26/11/21 02:21:00,Q,CP_MEUR,NSA,B1GQ,IS,2019-Q4,5836.8,
ESTAT:NAMQ_10_GDP(1.0),26/11/21 02:21:00,Q,CP_MEUR,NSA,B1GQ,IS,2020-Q1,4956.2,
ESTAT:NAMQ_10_GDP(1.0),26/11/21 02:21:00,Q,CP_MEUR,NSA,B1GQ,IS,2020-Q2,4548.4,
ESTAT:NAMQ_10_GDP(1.0),26/11/21 02:21:00,Q,CP_MEUR,NSA,B1GQ,IS,2020-Q3,4645.4,
ESTAT:NAMQ_10_GDP(1.0),26/11/21 02:21:00,Q,CP_MEUR,NSA,B1GQ,IS,2020-Q4,4900.7,
ESTAT:NAMQ_10_GDP(1.0),26/11/21 02:21:00,Q,CP_MEUR,NSA,B1GQ,IS,2021-Q1,4726.7,
ESTAT:NAMQ_10_GDP(1.0),26/11/21 02:21:00,Q,CP_MEUR,NSA,B1GQ,IS,2021-Q2,5344.9,
ESTAT:NAMQ_10_GDP(1.0),26/11/21 02:21:00,Q,CP_MEUR,NSA,B1GQ,IT,2016-Q1,401551.2,
ESTAT:NAMQ_10_GDP(1.0),26/11/21 02:21:00,Q,CP_MEUR,NSA,B1GQ,IT,2016-Q2,424052.1,
ESTAT:NAMQ_10_GDP(1.0),26/11/21 02:21:00,Q,CP_MEUR,NSA,B1GQ,IT,2016-Q3,421535.0,
ESTAT:NAMQ_10_GDP(1.0),26/11/21 02:21:00,Q,CP_MEUR,NSA,B1GQ,IT,2016-Q4,448648.4,
ESTAT:NAMQ_10_GDP(1.0),26/11/21 02:21:00,Q,CP_MEUR,NSA,B1GQ,IT,2017-Q1,411262.0,
ESTAT:NAMQ_10_GDP(1.0),26/11/21 02:21:00,Q,CP_MEUR,NSA,B1GQ,IT,2017-Q2,432488.7,
ESTAT:NAMQ_10_GDP(1.0),26/11/21 02:21:00,Q,CP_MEUR,NSA,B1GQ,IT,2017-Q3,430353.6,
ESTAT:NAMQ_10_GDP(1.0),26/11/21 02:21:00,Q,CP_MEUR,NSA,B1GQ,IT,2017-Q4,462488.5,
ESTAT:NAMQ_10_GDP(1.0),26/11/21 02:21:00,Q,CP_MEUR,NSA,B1GQ,IT,2018-Q1,422472.4,
ESTAT:NAMQ_10_GDP(1.0),26/11/21 02:21:00,Q,CP_MEUR,NSA,B1GQ,IT,2018-Q2,442393.3,
ESTAT:NAMQ_10_GDP(1.0),26/11/21 02:21:00,Q,CP_MEUR,NSA,B1GQ,IT,2018-Q3,436738.5,
ESTAT:NAMQ_10_GDP(1.0),26/11/21 02:21:00,Q,CP_MEUR,NSA,B1GQ,IT,2018-Q4,469787.0,
ESTAT:NAMQ_10_GDP(1.0),26/11/21 02:21:00,Q,CP_MEUR,NSA,B1GQ,IT,2019-Q1,427902.2,
ESTAT:NAMQ_10_GDP(1.0),26/11/21 02:21:00,Q,CP_MEUR,NSA,B1GQ,IT,2019-Q2,446006.9,
ESTAT:NAMQ_10_GDP(1.0),26/11/21 02:21:00,Q,CP_MEUR,NSA,B1GQ,IT,2019-Q3,444801.9,
ESTAT:NAMQ_10_GDP(1.0),26/11/21 02:21:00,Q,CP_MEUR,NSA,B1GQ,IT,2019-Q4,476223.8,
ESTAT:NAMQ_10_GDP(1.0),26/11/21 02:21:00,Q,CP_MEUR,NSA,B1GQ,IT,2020-Q1,402824.9,
ESTAT:NAMQ_10_GDP(1.0),26/11/21 02:21:00,Q,CP_MEUR,NSA,B1GQ,IT,2020-Q2,373293.7,
ESTAT:NAMQ_10_GDP(1.0),26/11/21 02:21:00,Q,CP_MEUR,NSA,B1GQ,IT,2020-Q3,424499.0,
ESTAT:NAMQ_10_GDP(1.0),26/11/21 02:21:00,Q,CP_MEUR,NSA,B1GQ,IT,2020-Q4,452959.6,
ESTAT:NAMQ_10_GDP(1.0),26/11/21 02:21:00,Q,CP_MEUR,NSA,B1GQ,IT,2021-Q1,410408.5,
ESTAT:NAMQ_10_GDP(1.0),26/11/21 02:21:00,Q,CP_MEUR,NSA,B1GQ,IT,2021-Q2,437605.3,
ESTAT:NAMQ_10_GDP(1.0),26/11/21 02:21:00,Q,CP_MEUR,NSA,B1GQ,LT,2016-Q1,8564.7,
ESTAT:NAMQ_10_GDP(1.0),26/11/21 02:21:00,Q,CP_MEUR,NSA,B1GQ,LT,2016-Q2,9742.8,
ESTAT:NAMQ_10_GDP(1.0),26/11/21 02:21:00,Q,CP_MEUR,NSA,B1GQ,LT,2016-Q3,10473.4,
ESTAT:NAMQ_10_GDP(1.0),26/11/21 02:21:00,Q,CP_MEUR,NSA,B1GQ,LT,2016-Q4,10109.0,
ESTAT:NAMQ_10_GDP(1.0),26/11/21 02:21:00,Q,CP_MEUR,NSA,B1GQ,LT,2017-Q1,9313.9,
ESTAT:NAMQ_10_GDP(1.0),26/11/21 02:21:00,Q,CP_MEUR,NSA,B1GQ,LT,2017-Q2,10491.0,
ESTAT:NAMQ_10_GDP(1.0),26/11/21 02:21:00,Q,CP_MEUR,NSA,B1GQ,LT,2017-Q3,11455.4,
ESTAT:NAMQ_10_GDP(1.0),26/11/21 02:21:00,Q,CP_MEUR,NSA,B1GQ,LT,2017-Q4,11016.0,
ESTAT:NAMQ_10_GDP(1.0),26/11/21 02:21:00,Q,CP_MEUR,NSA,B1GQ,LT,2018-Q1,10012.9,
ESTAT:NAMQ_10_GDP(1.0),26/11/21 02:21:00,Q,CP_MEUR,NSA,B1GQ,LT,2018-Q2,11291.7,
ESTAT:NAMQ_10_GDP(1.0),26/11/21 02:21:00,Q,CP_MEUR,NSA,B1GQ,LT,2018-Q3,12151.7,
ESTAT:NAMQ_10_GDP(1.0),26/11/21 02:21:00,Q,CP_MEUR,NSA,B1GQ,LT,2018-Q4,12058.5,
ESTAT:NAMQ_10_GDP(1.0),26/11/21 02:21:00,Q,CP_MEUR,NSA,B1GQ,LT,2019-Q1,10800.5,
ESTAT:NAMQ_10_GDP(1.0),26/11/21 02:21:00,Q,CP_MEUR,NSA,B1GQ,LT,2019-Q2,12152.5,
ESTAT:NAMQ_10_GDP(1.0),26/11/21 02:21:00,Q,CP_MEUR,NSA,B1GQ,LT,2019-Q3,13044.1,
ESTAT:NAMQ_10_GDP(1.0),26/11/21 02:21:00,Q,CP_MEUR,NSA,B1GQ,LT,2019-Q4,12862.8,
ESTAT:NAMQ_10_GDP(1.0),26/11/21 02:21:00,Q,CP_MEUR,NSA,B1GQ,LT,2020-Q1,11373.8,
ESTAT:NAMQ_10_GDP(1.0),26/11/21 02:21:00,Q,CP_MEUR,NSA,B1GQ,LT,2020-Q2,11722.3,
ESTAT:NAMQ_10_GDP(1.0),26/11/21 02:21:00,Q,CP_MEUR,NSA,B1GQ,LT,2020-Q3,13401.0,
ESTAT:NAMQ_10_GDP(1.0),26/11/21 02:21:00,Q,CP_MEUR,NSA,B1GQ,LT,2020-Q4,13010.0,
ESTAT:NAMQ_10_GDP(1.0),26/11/21 02:21:00,Q,CP_MEUR,NSA,B1GQ,LT,2021-Q1,11919.0,
ESTAT:NAMQ_10_GDP(1.0),26/11/21 02:21:00,Q,CP_MEUR,NSA,B1GQ,LT,2021-Q2,13522.7,
ESTAT:NAMQ_10_GDP(1.0),26/11/21 02:21:00,Q,CP_MEUR,NSA,B1GQ,LT,2021-Q3,15050.3,
ESTAT:NAMQ_10_GDP(1.0),26/11/21 02:21:00,Q,CP_MEUR,NSA,B1GQ,LU,2016-Q1,13387.6,
ESTAT:NAMQ_10_GDP(1.0),26/11/21 02:21:00,Q,CP_MEUR,NSA,B1GQ,LU,2016-Q2,13761.4,
ESTAT:NAMQ_10_GDP(1.0),26/11/21 02:21:00,Q,CP_MEUR,NSA,B1GQ,LU,2016-Q3,13928.1,
ESTAT:NAMQ_10_GDP(1.0),26/11/21 02:21:00,Q,CP_MEUR,NSA,B1GQ,LU,2016-Q4,15131.0,
ESTAT:NAMQ_10_GDP(1.0),26/11/21 02:21:00,Q,CP_MEUR,NSA,B1GQ,LU,2017-Q1,13838.5,
ESTAT:NAMQ_10_GDP(1.0),26/11/21 02:21:00,Q,CP_MEUR,NSA,B1GQ,LU,2017-Q2,14442.5,
ESTAT:NAMQ_10_GDP(1.0),26/11/21 02:21:00,Q,CP_MEUR,NSA,B1GQ,LU,2017-Q3,14222.4,
ESTAT:NAMQ_10_GDP(1.0),26/11/21 02:21:00,Q,CP_MEUR,NSA,B1GQ,LU,2017-Q4,15665.4,
ESTAT:NAMQ_10_GDP(1.0),26/11/21 02:21:00,Q,CP_MEUR,NSA,B1GQ,LU,2018-Q1,14326.6,
ESTAT:NAMQ_10_GDP(1.0),26/11/21 02:21:00,Q,CP_MEUR,NSA,B1GQ,LU,2018-Q2,14923.8,
ESTAT:NAMQ_10_GDP(1.0),26/11/21 02:21:00,Q,CP_MEUR,NSA,B1GQ,LU,2018-Q3,14905.1,
ESTAT:NAMQ_10_GDP(1.0),26/11/21 02:21:00,Q,CP_MEUR,NSA,B1GQ,LU,2018-Q4,16206.7,
ESTAT:NAMQ_10_GDP(1.0),26/11/21 02:21:00,Q,CP_MEUR,NSA,B1GQ,LU,2019-Q1,14597.9,
ESTAT:NAMQ_10_GDP(1.0),26/11/21 02:21:00,Q,CP_MEUR,NSA,B1GQ,LU,2019-Q2,15679.4,
ESTAT:NAMQ_10_GDP(1.0),26/11/21 02:21:00,Q,CP_MEUR,NSA,B1GQ,LU,2019-Q3,15530.1,
ESTAT:NAMQ_10_GDP(1.0),26/11/21 02:21:00,Q,CP_MEUR,NSA,B1GQ,LU,2019-Q4,16896.8,
ESTAT:NAMQ_10_GDP(1.0),26/11/21 02:21:00,Q,CP_MEUR,NSA,B1GQ,LU,2020-Q1,15398.3,
ESTAT:NAMQ_10_GDP(1.0),26/11/21 02:21:00,Q,CP_MEUR,NSA,B1GQ,LU,2020-Q2,15085.5,
ESTAT:NAMQ_10_GDP(1.0),26/11/21 02:21:00,Q,CP_MEUR,NSA,B1GQ,LU,2020-Q3,15891.0,
ESTAT:NAMQ_10_GDP(1.0),26/11/21 02:21:00,Q,CP_MEUR,NSA,B1GQ,LU,2020-Q4,17846.2,
ESTAT:NAMQ_10_GDP(1.0),26/11/21 02:21:00,Q,CP_MEUR,NSA,B1GQ,LU,2021-Q1,16822.0,
ESTAT:NAMQ_10_GDP(1.0),26/11/21 02:21:00,Q,CP_MEUR,NSA,B1GQ,LU,2021-Q2,17695.3,
ESTAT:NAMQ_10_GDP(1.0),26/11/21 02:21:00,Q,CP_MEUR,NSA,B1GQ,LV,2016-Q1,5655.8,
ESTAT:NAMQ_10_GDP(1.0),26/11/21 02:21:00,Q,CP_MEUR,NSA,B1GQ,LV,2016-Q2,6336.3,
ESTAT:NAMQ_10_GDP(1.0),26/11/21 02:21:00,Q,CP_MEUR,NSA,B1GQ,LV,2016-Q3,6575.1,
ESTAT:NAMQ_10_GDP(1.0),26/11/21 02:21:00,Q,CP_MEUR,NSA,B1GQ,LV,2016-Q4,6804.1,
ESTAT:NAMQ_10_GDP(1.0),26/11/21 02:21:00,Q,CP_MEUR,NSA,B1GQ,LV,2017-Q1,5956.5,
ESTAT:NAMQ_10_GDP(1.0),26/11/21 02:21:00,Q,CP_MEUR,NSA,B1GQ,LV,2017-Q2,6741.1,
ESTAT:NAMQ_10_GDP(1.0),26/11/21 02:21:00,Q,CP_MEUR,NSA,B1GQ,LV,2017-Q3,7073.2,
ESTAT:NAMQ_10_GDP(1.0),26/11/21 02:21:00,Q,CP_MEUR,NSA,B1GQ,LV,2017-Q4,7213.7,
ESTAT:NAMQ_10_GDP(1.0),26/11/21 02:21:00,Q,CP_MEUR,NSA,B1GQ,LV,2018-Q1,6298.1,
ESTAT:NAMQ_10_GDP(1.0),26/11/21 02:21:00,Q,CP_MEUR,NSA,B1GQ,LV,2018-Q2,7318.3,
ESTAT:NAMQ_10_GDP(1.0),26/11/21 02:21:00,Q,CP_MEUR,NSA,B1GQ,LV,2018-Q3,7680.8,
ESTAT:NAMQ_10_GDP(1.0),26/11/21 02:21:00,Q,CP_MEUR,NSA,B1GQ,LV,2018-Q4,7856.3,
ESTAT:NAMQ_10_GDP(1.0),26/11/21 02:21:00,Q,CP_MEUR,NSA,B1GQ,LV,2019-Q1,6801.4,
ESTAT:NAMQ_10_GDP(1.0),26/11/21 02:21:00,Q,CP_MEUR,NSA,B1GQ,LV,2019-Q2,7695.3,
ESTAT:NAMQ_10_GDP(1.0),26/11/21 02:21:00,Q,CP_MEUR,NSA,B1GQ,LV,2019-Q3,8091.1,
ESTAT:NAMQ_10_GDP(1.0),26/11/21 02:21:00,Q,CP_MEUR,NSA,B1GQ,LV,2019-Q4,8059.4,
ESTAT:NAMQ_10_GDP(1.0),26/11/21 02:21:00,Q,CP_MEUR,NSA,B1GQ,LV,2020-Q1,6775.7,
ESTAT:NAMQ_10_GDP(1.0),26/11/21 02:21:00,Q,CP_MEUR,NSA,B1GQ,LV,2020-Q2,6953.7,
ESTAT:NAMQ_10_GDP(1.0),26/11/21 02:21:00,Q,CP_MEUR,NSA,B1GQ,LV,2020-Q3,7834.8,
ESTAT:NAMQ_10_GDP(1.0),26/11/21 02:21:00,Q,CP_MEUR,NSA,B1GQ,LV,2020-Q4,7946.9,
ESTAT:NAMQ_10_GDP(1.0),26/11/21 02:21:00,Q,CP_MEUR,NSA,B1GQ,LV,2021-Q1,6837.0,
ESTAT:NAMQ_10_GDP(1.0),26/11/21 02:21:00,Q,CP_MEUR,NSA,B1GQ,LV,2021-Q2,8114.6,
ESTAT:NAMQ_10_GDP(1.0),26/11/21 02:21:00,Q,CP_MEUR,NSA,B1GQ,ME,2016-Q1,729.5,
ESTAT:NAMQ_10_GDP(1.0),26/11/21 02:21:00,Q,CP_MEUR,NSA,B1GQ,ME,2016-Q2,920.5,
ESTAT:NAMQ_10_GDP(1.0),26/11/21 02:21:00,Q,CP_MEUR,NSA,B1GQ,ME,2016-Q3,1291.3,
ESTAT:NAMQ_10_GDP(1.0),26/11/21 02:21:00,Q,CP_MEUR,NSA,B1GQ,ME,2016-Q4,1012.9,
ESTAT:NAMQ_10_GDP(1.0),26/11/21 02:21:00,Q,CP_MEUR,NSA,B1GQ,ME,2017-Q1,783.8,
ESTAT:NAMQ_10_GDP(1.0),26/11/21 02:21:00,Q,CP_MEUR,NSA,B1GQ,ME,2017-Q2,1008.3,
ESTAT:NAMQ_10_GDP(1.0),26/11/21 02:21:00,Q,CP_MEUR,NSA,B1GQ,ME,2017-Q3,1416.3,
ESTAT:NAMQ_10_GDP(1.0),26/11/21 02:21:00,Q,CP_MEUR,NSA,B1GQ,ME,2017-Q4,1090.7,
ESTAT:NAMQ_10_GDP(1.0),26/11/21 02:21:00,Q,CP_MEUR,NSA,B1GQ,ME,2018-Q1,848.7,
ESTAT:NAMQ_10_GDP(1.0),26/11/21 02:21:00,Q,CP_MEUR,NSA,B1GQ,ME,2018-Q2,1108.2,
ESTAT:NAMQ_10_GDP(1.0),26/11/21 02:21:00,Q,CP_MEUR,NSA,B1GQ,ME,2018-Q3,1531.1,
ESTAT:NAMQ_10_GDP(1.0),26/11/21 02:21:00,Q,CP_MEUR,NSA,B1GQ,ME,2018-Q4,1175.1,
ESTAT:NAMQ_10_GDP(1.0),26/11/21 02:21:00,Q,CP_MEUR,NSA,B1GQ,ME,2019-Q1,890.7,
ESTAT:NAMQ_10_GDP(1.0),26/11/21 02:21:00,Q,CP_MEUR,NSA,B1GQ,ME,2019-Q2,1160.6,
ESTAT:NAMQ_10_GDP(1.0),26/11/21 02:21:00,Q,CP_MEUR,NSA,B1GQ,ME,2019-Q3,1646.5,
ESTAT:NAMQ_10_GDP(1.0),26/11/21 02:21:00,Q,CP_MEUR,NSA,B1GQ,ME,2019-Q4,1252.9,
ESTAT:NAMQ_10_GDP(1.0),26/11/21 02:21:00,Q,CP_MEUR,NSA,B1GQ,ME,2020-Q1,916.4,
ESTAT:NAMQ_10_GDP(1.0),26/11/21 02:21:00,Q,CP_MEUR,NSA,B1GQ,ME,2020-Q2,900.9,
ESTAT:NAMQ_10_GDP(1.0),26/11/21 02:21:00,Q,CP_MEUR,NSA,B1GQ,ME,2020-Q3,1210.9,
ESTAT:NAMQ_10_GDP(1.0),26/11/21 02:21:00,Q,CP_MEUR,NSA,B1GQ,ME,2020-Q4,1157.4,
ESTAT:NAMQ_10_GDP(1.0),26/11/21 02:21:00,Q,CP_MEUR,NSA,B1GQ,ME,2021-Q1,875.3,
ESTAT:NAMQ_10_GDP(1.0),26/11/21 02:21:00,Q,CP_MEUR,NSA,B1GQ,ME,2021-Q2,1128.7,
ESTAT:NAMQ_10_GDP(1.0),26/11/21 02:21:00,Q,CP_MEUR,NSA,B1GQ,MK,2016-Q1,2200.1,
ESTAT:NAMQ_10_GDP(1.0),26/11/21 02:21:00,Q,CP_MEUR,NSA,B1GQ,MK,2016-Q2,2367.2,
ESTAT:NAMQ_10_GDP(1.0),26/11/21 02:21:00,Q,CP_MEUR,NSA,B1GQ,MK,2016-Q3,2504.5,
ESTAT:NAMQ_10_GDP(1.0),26/11/21 02:21:00,Q,CP_MEUR,NSA,B1GQ,MK,2016-Q4,2585.2,
ESTAT:NAMQ_10_GDP(1.0),26/11/21 02:21:00,Q,CP_MEUR,NSA,B1GQ,MK,2017-Q1,2329.8,
ESTAT:NAMQ_10_GDP(1.0),26/11/21 02:21:00,Q,CP_MEUR,NSA,B1GQ,MK,2017-Q2,2444.0,
ESTAT:NAMQ_10_GDP(1.0),26/11/21 02:21:00,Q,CP_MEUR,NSA,B1GQ,MK,2017-Q3,2592.3,
ESTAT:NAMQ_10_GDP(1.0),26/11/21 02:21:00,Q,CP_MEUR,NSA,B1GQ,MK,2017-Q4,2672.2,
ESTAT:NAMQ_10_GDP(1.0),26/11/21 02:21:00,Q,CP_MEUR,NSA,B1GQ,MK,2018-Q1,2454.6,
ESTAT:NAMQ_10_GDP(1.0),26/11/21 02:21:00,Q,CP_MEUR,NSA,B1GQ,MK,2018-Q2,2648.9,
ESTAT:NAMQ_10_GDP(1.0),26/11/21 02:21:00,Q,CP_MEUR,NSA,B1GQ,MK,2018-Q3,2723.4,
ESTAT:NAMQ_10_GDP(1.0),26/11/21 02:21:00,Q,CP_MEUR,NSA,B1GQ,MK,2018-Q4,2917.3,
ESTAT:NAMQ_10_GDP(1.0),26/11/21 02:21:00,Q,CP_MEUR,NSA,B1GQ,MK,2019-Q1,2538.3,p
ESTAT:NAMQ_10_GDP(1.0),26/11/21 02:21:00,Q,CP_MEUR,NSA,B1GQ,MK,2019-Q2,2779.7,p
ESTAT:NAMQ_10_GDP(1.0),26/11/21 02:21:00,Q,CP_MEUR,NSA,B1GQ,MK,2019-Q3,2875.0,p
ESTAT:NAMQ_10_GDP(1.0),26/11/21 02:21:00,Q,CP_MEUR,NSA,B1GQ,MK,2019-Q4,3016.1,p
ESTAT:NAMQ_10_GDP(1.0),26/11/21 02:21:00,Q,CP_MEUR,NSA,B1GQ,MK,2020-Q1,2607.7,e
ESTAT:NAMQ_10_GDP(1.0),26/11/21 02:21:00,Q,CP_MEUR,NSA,B1GQ,MK,2020-Q2,2332.8,e
ESTAT:NAMQ_10_GDP(1.0),26/11/21 02:21:00,Q,CP_MEUR,NSA,B1GQ,MK,2020-Q3,2781.4,e
ESTAT:NAMQ_10_GDP(1.0),26/11/21 02:21:00,Q,CP_MEUR,NSA,B1GQ,MK,2020-Q4,3044.2,e
ESTAT:NAMQ_10_GDP(1.0),26/11/21 02:21:00,Q,CP_MEUR,NSA,B1GQ,MK,2021-Q1,2637.3,e
ESTAT:NAMQ_10_GDP(1.0),26/11/21 02:21:00,Q,CP_MEUR,NSA,B1GQ,MK,2021-Q2,2806.1,e
ESTAT:NAMQ_10_GDP(1.0),26/11/21 02:21:00,Q,CP_MEUR,NSA,B1GQ,MT,2016-Q1,2474.7,
ESTAT:NAMQ_10_GDP(1.0),26/11/21 02:21:00,Q,CP_MEUR,NSA,B1GQ,MT,2016-Q2,2625.0,
ESTAT:NAMQ_10_GDP(1.0),26/11/21 02:21:00,Q,CP_MEUR,NSA,B1GQ,MT,2016-Q3,2775.7,
ESTAT:NAMQ_10_GDP(1.0),26/11/21 02:21:00,Q,CP_MEUR,NSA,B1GQ,MT,2016-Q4,2691.1,
ESTAT:NAMQ_10_GDP(1.0),26/11/21 02:21:00,Q,CP_MEUR,NSA,B1GQ,MT,2017-Q1,2812.0,
ESTAT:NAMQ_10_GDP(1.0),26/11/21 02:21:00,Q,CP_MEUR,NSA,B1GQ,MT,2017-Q2,2974.1,
ESTAT:NAMQ_10_GDP(1.0),26/11/21 02:21:00,Q,CP_MEUR,NSA,B1GQ,MT,2017-Q3,3142.4,
ESTAT:NAMQ_10_GDP(1.0),26/11/21 02:21:00,Q,CP_MEUR,NSA,B1GQ,MT,2017-Q4,3031.0,
ESTAT:NAMQ_10_GDP(1.0),26/11/21 02:21:00,Q,CP_MEUR,NSA,B1GQ,MT,2018-Q1,2987.9,
ESTAT:NAMQ_10_GDP(1.0),26/11/21 02:21:00,Q,CP_MEUR,NSA,B1GQ,MT,2018-Q2,3230.8,
ESTAT:NAMQ_10_GDP(1.0),26/11/21 02:21:00,Q,CP_MEUR,NSA,B1GQ,MT,2018-Q3,3445.0,
ESTAT:NAMQ_10_GDP(1.0),26/11/21 02:21:00,Q,CP_MEUR,NSA,B1GQ,MT,2018-Q4,3315.9,
ESTAT:NAMQ_10_GDP(1.0),26/11/21 02:21:00,Q,CP_MEUR,NSA,B1GQ,MT,2019-Q1,3259.9,
ESTAT:NAMQ_10_GDP(1.0),26/11/21 02:21:00,Q,CP_MEUR,NSA,B1GQ,MT,2019-Q2,3508.0,
ESTAT:NAMQ_10_GDP(1.0),26/11/21 02:21:00,Q,CP_MEUR,NSA,B1GQ,MT,2019-Q3,3679.4,
ESTAT:NAMQ_10_GDP(1.0),26/11/21 02:21:00,Q,CP_MEUR,NSA,B1GQ,MT,2019-Q4,3600.3,
ESTAT:NAMQ_10_GDP(1.0),26/11/21 02:21:00,Q,CP_MEUR,NSA,B1GQ,MT,2020-Q1,3369.1,
ESTAT:NAMQ_10_GDP(1.0),26/11/21 02:21:00,Q,CP_MEUR,NSA,B1GQ,MT,2020-Q2,3026.7,
ESTAT:NAMQ_10_GDP(1.0),26/11/21 02:21:00,Q,CP_MEUR,NSA,B1GQ,MT,2020-Q3,3304.5,
ESTAT:NAMQ_10_GDP(1.0),26/11/21 02:21:00,Q,CP_MEUR,NSA,B1GQ,MT,2020-Q4,3354.6,
ESTAT:NAMQ_10_GDP(1.0),26/11/21 02:21:00,Q,CP_MEUR,NSA,B1GQ,MT,2021-Q1,3361.0,
ESTAT:NAMQ_10_GDP(1.0),26/11/21 02:21:00,Q,CP_MEUR,NSA,B1GQ,MT,2021-Q2,3475.3,
ESTAT:NAMQ_10_GDP(1.0),26/11/21 02:21:00,Q,CP_MEUR,NSA,B1GQ,NL,2016-Q1,171335.0,
ESTAT:NAMQ_10_GDP(1.0),26/11/21 02:21:00,Q,CP_MEUR,NSA,B1GQ,NL,2016-Q2,179918.0,
ESTAT:NAMQ_10_GDP(1.0),26/11/21 02:21:00,Q,CP_MEUR,NSA,B1GQ,NL,2016-Q3,174235.0,
ESTAT:NAMQ_10_GDP(1.0),26/11/21 02:21:00,Q,CP_MEUR,NSA,B1GQ,NL,2016-Q4,182849.0,
ESTAT:NAMQ_10_GDP(1.0),26/11/21 02:21:00,Q,CP_MEUR,NSA,B1GQ,NL,2017-Q1,178225.0,
ESTAT:NAMQ_10_GDP(1.0),26/11/21 02:21:00,Q,CP_MEUR,NSA,B1GQ,NL,2017-Q2,187838.0,
ESTAT:NAMQ_10_GDP(1.0),26/11/21 02:21:00,Q,CP_MEUR,NSA,B1GQ,NL,2017-Q3,181702.0,
ESTAT:NAMQ_10_GDP(1.0),26/11/21 02:21:00,Q,CP_MEUR,NSA,B1GQ,NL,2017-Q4,190381.0,
ESTAT:NAMQ_10_GDP(1.0),26/11/21 02:21:00,Q,CP_MEUR,NSA,B1GQ,NL,2018-Q1,188022.0,
ESTAT:NAMQ_10_GDP(1.0),26/11/21 02:21:00,Q,CP_MEUR,NSA,B1GQ,NL,2018-Q2,196711.0,
ESTAT:NAMQ_10_GDP(1.0),26/11/21 02:21:00,Q,CP_MEUR,NSA,B1GQ,NL,2018-Q3,190249.0,
ESTAT:NAMQ_10_GDP(1.0),26/11/21 02:21:00,Q,CP_MEUR,NSA,B1GQ,NL,2018-Q4,199005.0,
ESTAT:NAMQ_10_GDP(1.0),26/11/21 02:21:00,Q,CP_MEUR,NSA,B1GQ,NL,2019-Q1,197442.0,p
ESTAT:NAMQ_10_GDP(1.0),26/11/21 02:21:00,Q,CP_MEUR,NSA,B1GQ,NL,2019-Q2,207286.0,p
ESTAT:NAMQ_10_GDP(1.0),26/11/21 02:21:00,Q,CP_MEUR,NSA,B1GQ,NL,2019-Q3,199768.0,p
ESTAT:NAMQ_10_GDP(1.0),26/11/21 02:21:00,Q,CP_MEUR,NSA,B1GQ,NL,2019-Q4,208559.0,p
ESTAT:NAMQ_10_GDP(1.0),26/11/21 02:21:00,Q,CP_MEUR,NSA,B1GQ,NL,2020-Q1,201819.0,p
ESTAT:NAMQ_10_GDP(1.0),26/11/21 02:21:00,Q,CP_MEUR,NSA,B1GQ,NL,2020-Q2,191724.0,p
ESTAT:NAMQ_10_GDP(1.0),26/11/21 02:21:00,Q,CP_MEUR,NSA,B1GQ,NL,2020-Q3,198696.0,p
ESTAT:NAMQ_10_GDP(1.0),26/11/21 02:21:00,Q,CP_MEUR,NSA,B1GQ,NL,2020-Q4,207856.0,p
ESTAT:NAMQ_10_GDP(1.0),26/11/21 02:21:00,Q,CP_MEUR,NSA,B1GQ,NL,2021-Q1,201249.0,p
ESTAT:NAMQ_10_GDP(1.0),26/11/21 02:21:00,Q,CP_MEUR,NSA,B1GQ,NL,2021-Q2,216819.0,p
ESTAT:NAMQ_10_GDP(1.0),26/11/21 02:21:00,Q,CP_MEUR,NSA,B1GQ,NL,2021-Q3,214547.0,p
ESTAT:NAMQ_10_GDP(1.0),26/11/21 02:21:00,Q,CP_MEUR,NSA,B1GQ,NO,2016-Q1,78607.1,
ESTAT:NAMQ_10_GDP(1.0),26/11/21 02:21:00,Q,CP_MEUR,NSA,B1GQ,NO,2016-Q2,83657.4,
ESTAT:NAMQ_10_GDP(1.0),26/11/21 02:21:00,Q,CP_MEUR,NSA,B1GQ,NO,2016-Q3,80461.2,
ESTAT:NAMQ_10_GDP(1.0),26/11/21 02:21:00,Q,CP_MEUR,NSA,B1GQ,NO,2016-Q4,91011.5,
ESTAT:NAMQ_10_GDP(1.0),26/11/21 02:21:00,Q,CP_MEUR,NSA,B1GQ,NO,2017-Q1,92648.1,
ESTAT:NAMQ_10_GDP(1.0),26/11/21 02:21:00,Q,CP_MEUR,NSA,B1GQ,NO,2017-Q2,85609.4,
ESTAT:NAMQ_10_GDP(1.0),26/11/21 02:21:00,Q,CP_MEUR,NSA,B1GQ,NO,2017-Q3,84734.8,
ESTAT:NAMQ_10_GDP(1.0),26/11/21 02:21:00,Q,CP_MEUR,NSA,B1GQ,NO,2017-Q4,90339.2,
ESTAT:NAMQ_10_GDP(1.0),26/11/21 02:21:00,Q,CP_MEUR,NSA,B1GQ,NO,2018-Q1,90195.0,
ESTAT:NAMQ_10_GDP(1.0),26/11/21 02:21:00,Q,CP_MEUR,NSA,B1GQ,NO,2018-Q2,92351.2,
ESTAT:NAMQ_10_GDP(1.0),26/11/21 02:21:00,Q,CP_MEUR,NSA,B1GQ,NO,2018-Q3,90511.5,
ESTAT:NAMQ_10_GDP(1.0),26/11/21 02:21:00,Q,CP_MEUR,NSA,B1GQ,NO,2018-Q4,97224.9,
ESTAT:NAMQ_10_GDP(1.0),26/11/21 02:21:00,Q,CP_MEUR,NSA,B1GQ,NO,2019-Q1,93168.6,
ESTAT:NAMQ_10_GDP(1.0),26/11/21 02:21:00,Q,CP_MEUR,NSA,B1GQ,NO,2019-Q2,89911.5,
ESTAT:NAMQ_10_GDP(1.0),26/11/21 02:21:00,Q,CP_MEUR,NSA,B1GQ,NO,2019-Q3,86643.6,
ESTAT:NAMQ_10_GDP(1.0),26/11/21 02:21:00,Q,CP_MEUR,NSA,B1GQ,NO,2019-Q4,92542.6,
ESTAT:NAMQ_10_GDP(1.0),26/11/21 02:21:00,Q,CP_MEUR,NSA,B1GQ,NO,2020-Q1,85733.2,
ESTAT:NAMQ_10_GDP(1.0),26/11/21 02:21:00,Q,CP_MEUR,NSA,B1GQ,NO,2020-Q2,71744.1,
ESTAT:NAMQ_10_GDP(1.0),26/11/21 02:21:00,Q,CP_MEUR,NSA,B1GQ,NO,2020-Q3,77060.0,
ESTAT:NAMQ_10_GDP(1.0),26/11/21 02:21:00,Q,CP_MEUR,NSA,B1GQ,NO,2020-Q4,84055.3,
ESTAT:NAMQ_10_GDP(1.0),26/11/21 02:21:00,Q,CP_MEUR,NSA,B1GQ,NO,2021-Q1,91400.2,
ESTAT:NAMQ_10_GDP(1.0),26/11/21 02:21:00,Q,CP_MEUR,NSA,B1GQ,NO,2021-Q2,93998.5,
ESTAT:NAMQ_10_GDP(1.0),26/11/21 02:21:00,Q,CP_MEUR,NSA,B1GQ,PL,2016-Q1,98600.6,
ESTAT:NAMQ_10_GDP(1.0),26/11/21 02:21:00,Q,CP_MEUR,NSA,B1GQ,PL,2016-Q2,103159.3,
ESTAT:NAMQ_10_GDP(1.0),26/11/21 02:21:00,Q,CP_MEUR,NSA,B1GQ,PL,2016-Q3,105076.3,
ESTAT:NAMQ_10_GDP(1.0),26/11/21 02:21:00,Q,CP_MEUR,NSA,B1GQ,PL,2016-Q4,120193.5,
ESTAT:NAMQ_10_GDP(1.0),26/11/21 02:21:00,Q,CP_MEUR,NSA,B1GQ,PL,2017-Q1,106160.7,
ESTAT:NAMQ_10_GDP(1.0),26/11/21 02:21:00,Q,CP_MEUR,NSA,B1GQ,PL,2017-Q2,113717.4,
ESTAT:NAMQ_10_GDP(1.0),26/11/21 02:21:00,Q,CP_MEUR,NSA,B1GQ,PL,2017-Q3,115430.7,
ESTAT:NAMQ_10_GDP(1.0),26/11/21 02:21:00,Q,CP_MEUR,NSA,B1GQ,PL,2017-Q4,132411.4,
ESTAT:NAMQ_10_GDP(1.0),26/11/21 02:21:00,Q,CP_MEUR,NSA,B1GQ,PL,2018-Q1,116823.8,
ESTAT:NAMQ_10_GDP(1.0),26/11/21 02:21:00,Q,CP_MEUR,NSA,B1GQ,PL,2018-Q2,119420.5,
ESTAT:NAMQ_10_GDP(1.0),26/11/21 02:21:00,Q,CP_MEUR,NSA,B1GQ,PL,2018-Q3,122365.5,
ESTAT:NAMQ_10_GDP(1.0),26/11/21 02:21:00,Q,CP_MEUR,NSA,B1GQ,PL,2018-Q4,139035.6,
ESTAT:NAMQ_10_GDP(1.0),26/11/21 02:21:00,Q,CP_MEUR,NSA,B1GQ,PL,2019-Q1,122683.9,
ESTAT:NAMQ_10_GDP(1.0),26/11/21 02:21:00,Q,CP_MEUR,NSA,B1GQ,PL,2019-Q2,129656.4,
ESTAT:NAMQ_10_GDP(1.0),26/11/21 02:21:00,Q,CP_MEUR,NSA,B1GQ,PL,2019-Q3,131963.3,
ESTAT:NAMQ_10_GDP(1.0),26/11/21 02:21:00,Q,CP_MEUR,NSA,B1GQ,PL,2019-Q4,149370.0,
ESTAT:NAMQ_10_GDP(1.0),26/11/21 02:21:00,Q,CP_MEUR,NSA,B1GQ,PL,2020-Q1,129429.5,
ESTAT:NAMQ_10_GDP(1.0),26/11/21 02:21:00,Q,CP_MEUR,NSA,B1GQ,PL,2020-Q2,117617.4,
ESTAT:NAMQ_10_GDP(1.0),26/11/21 02:21:00,Q,CP_MEUR,NSA,B1GQ,PL,2020-Q3,131572.8,
ESTAT:NAMQ_10_GDP(1.0),26/11/21 02:21:00,Q,CP_MEUR,NSA,B1GQ,PL,2020-Q4,144955.8,
ESTAT:NAMQ_10_GDP(1.0),26/11/21 02:21:00,Q,CP_MEUR,NSA,B1GQ,PL,2021-Q1,129210.2,
ESTAT:NAMQ_10_GDP(1.0),26/11/21 02:21:00,Q,CP_MEUR,NSA,B1GQ,PL,2021-Q2,136237.3,
ESTAT:NAMQ_10_GDP(1.0),26/11/21 02:21:00,Q,CP_MEUR,NSA,B1GQ,PT,2016-Q1,44688.0,
ESTAT:NAMQ_10_GDP(1.0),26/11/21 02:21:00,Q,CP_MEUR,NSA,B1GQ,PT,2016-Q2,47011.7,
ESTAT:NAMQ_10_GDP(1.0),26/11/21 02:21:00,Q,CP_MEUR,NSA,B1GQ,PT,2016-Q3,47638.6,
ESTAT:NAMQ_10_GDP(1.0),26/11/21 02:21:00,Q,CP_MEUR,NSA,B1GQ,PT,2016-Q4,47151.6,
ESTAT:NAMQ_10_GDP(1.0),26/11/21 02:21:00,Q,CP_MEUR,NSA,B1GQ,PT,2017-Q1,46646.1,
ESTAT:NAMQ_10_GDP(1.0),26/11/21 02:21:00,Q,CP_MEUR,NSA,B1GQ,PT,2017-Q2,49343.7,
ESTAT:NAMQ_10_GDP(1.0),26/11/21 02:21:00,Q,CP_MEUR,NSA,B1GQ,PT,2017-Q3,49945.5,
ESTAT:NAMQ_10_GDP(1.0),26/11/21 02:21:00,Q,CP_MEUR,NSA,B1GQ,PT,2017-Q4,50011.9,
ESTAT:NAMQ_10_GDP(1.0),26/11/21 02:21:00,Q,CP_MEUR,NSA,B1GQ,PT,2018-Q1,48609.7,
ESTAT:NAMQ_10_GDP(1.0),26/11/21 02:21:00,Q,CP_MEUR,NSA,B1GQ,PT,2018-Q2,51366.8,
ESTAT:NAMQ_10_GDP(1.0),26/11/21 02:21:00,Q,CP_MEUR,NSA,B1GQ,PT,2018-Q3,52348.9,
ESTAT:NAMQ_10_GDP(1.0),26/11/21 02:21:00,Q,CP_MEUR,NSA,B1GQ,PT,2018-Q4,52858.7,
ESTAT:NAMQ_10_GDP(1.0),26/11/21 02:21:00,Q,CP_MEUR,NSA,B1GQ,PT,2019-Q1,51076.7,
ESTAT:NAMQ_10_GDP(1.0),26/11/21 02:21:00,Q,CP_MEUR,NSA,B1GQ,PT,2019-Q2,53731.2,
ESTAT:NAMQ_10_GDP(1.0),26/11/21 02:21:00,Q,CP_MEUR,NSA,B1GQ,PT,2019-Q3,54451.1,
ESTAT:NAMQ_10_GDP(1.0),26/11/21 02:21:00,Q,CP_MEUR,NSA,B1GQ,PT,2019-Q4,55115.6,
ESTAT:NAMQ_10_GDP(1.0),26/11/21 02:21:00,Q,CP_MEUR,NSA,B1GQ,PT,2020-Q1,50682.8,p
ESTAT:NAMQ_10_GDP(1.0),26/11/21 02:21:00,Q,CP_MEUR,NSA,B1GQ,PT,2020-Q2,45607.6,p
ESTAT:NAMQ_10_GDP(1.0),26/11/21 02:21:00,Q,CP_MEUR,NSA,B1GQ,PT,2020-Q3,51483.8,p
ESTAT:NAMQ_10_GDP(1.0),26/11/21 02:21:00,Q,CP_MEUR,NSA,B1GQ,PT,2020-Q4,52313.3,p
ESTAT:NAMQ_10_GDP(1.0),26/11/21 02:21:00,Q,CP_MEUR,NSA,B1GQ,PT,2021-Q1,48476.4,p
ESTAT:NAMQ_10_GDP(1.0),26/11/21 02:21:00,Q,CP_MEUR,NSA,B1GQ,PT,2021-Q2,52684.8,p
ESTAT:NAMQ_10_GDP(1.0),26/11/21 02:21:00,Q,CP_MEUR,NSA,B1GQ,RO,2016-Q1,32716.8,
ESTAT:NAMQ_10_GDP(1.0),26/11/21 02:21:00,Q,CP_MEUR,NSA,B1GQ,RO,2016-Q2,39832.9,
ESTAT:NAMQ_10_GDP(1.0),26/11/21 02:21:00,Q,CP_MEUR,NSA,B1GQ,RO,2016-Q3,46506.5,
ESTAT:NAMQ_10_GDP(1.0),26/11/21 02:21:00,Q,CP_MEUR,NSA,B1GQ,RO,2016-Q4,50999.6,
ESTAT:NAMQ_10_GDP(1.0),26/11/21 02:21:00,Q,CP_MEUR,NSA,B1GQ,RO,2017-Q1,36430.5,
ESTAT:NAMQ_10_GDP(1.0),26/11/21 02:21:00,Q,CP_MEUR,NSA,B1GQ,RO,2017-Q2,43310.5,
ESTAT:NAMQ_10_GDP(1.0),26/11/21 02:21:00,Q,CP_MEUR,NSA,B1GQ,RO,2017-Q3,51860.8,
ESTAT:NAMQ_10_GDP(1.0),26/11/21 02:21:00,Q,CP_MEUR,NSA,B1GQ,RO,2017-Q4,55928.9,
ESTAT:NAMQ_10_GDP(1.0),26/11/21 02:21:00,Q,CP_MEUR,NSA,B1GQ,RO,2018-Q1,38807.4,
ESTAT:NAMQ_10_GDP(1.0),26/11/21 02:21:00,Q,CP_MEUR,NSA,B1GQ,RO,2018-Q2,47468.9,
ESTAT:NAMQ_10_GDP(1.0),26/11/21 02:21:00,Q,CP_MEUR,NSA,B1GQ,RO,2018-Q3,56819.2,
ESTAT:NAMQ_10_GDP(1.0),26/11/21 02:21:00,Q,CP_MEUR,NSA,B1GQ,RO,2018-Q4,61397.2,
ESTAT:NAMQ_10_GDP(1.0),26/11/21 02:21:00,Q,CP_MEUR,NSA,B1GQ,RO,2019-Q1,42770.3,
ESTAT:NAMQ_10_GDP(1.0),26/11/21 02:21:00,Q,CP_MEUR,NSA,B1GQ,RO,2019-Q2,52110.6,
ESTAT:NAMQ_10_GDP(1.0),26/11/21 02:21:00,Q,CP_MEUR,NSA,B1GQ,RO,2019-Q3,61206.6,
ESTAT:NAMQ_10_GDP(1.0),26/11/21 02:21:00,Q,CP_MEUR,NSA,B1GQ,RO,2019-Q4,67009.5,
ESTAT:NAMQ_10_GDP(1.0),26/11/21 02:21:00,Q,CP_MEUR,NSA,B1GQ,RO,2020-Q1,45466.0,p
ESTAT:NAMQ_10_GDP(1.0),26/11/21 02:21:00,Q,CP_MEUR,NSA,B1GQ,RO,2020-Q2,46626.2,p
ESTAT:NAMQ_10_GDP(1.0),26/11/21 02:21:00,Q,CP_MEUR,NSA,B1GQ,RO,2020-Q3,58718.5,p
ESTAT:NAMQ_10_GDP(1.0),26/11/21 02:21:00,Q,CP_MEUR,NSA,B1GQ,RO,2020-Q4,67193.2,p
ESTAT:NAMQ_10_GDP(1.0),26/11/21 02:21:00,Q,CP_MEUR,NSA,B1GQ,RO,2021-Q1,46123.6,p
ESTAT:NAMQ_10_GDP(1.0),26/11/21 02:21:00,Q,CP_MEUR,NSA,B1GQ,RO,2021-Q2,55077.7,p
ESTAT:NAMQ_10_GDP(1.0),26/11/21 02:21:00,Q,CP_MEUR,NSA,B1GQ,RS,2016-Q1,8360.4,
ESTAT:NAMQ_10_GDP(1.0),26/11/21 02:21:00,Q,CP_MEUR,NSA,B1GQ,RS,2016-Q2,9124.8,
ESTAT:NAMQ_10_GDP(1.0),26/11/21 02:21:00,Q,CP_MEUR,NSA,B1GQ,RS,2016-Q3,9403.5,
ESTAT:NAMQ_10_GDP(1.0),26/11/21 02:21:00,Q,CP_MEUR,NSA,B1GQ,RS,2016-Q4,9889.3,
ESTAT:NAMQ_10_GDP(1.0),26/11/21 02:21:00,Q,CP_MEUR,NSA,B1GQ,RS,2017-Q1,8709.9,
ESTAT:NAMQ_10_GDP(1.0),26/11/21 02:21:00,Q,CP_MEUR,NSA,B1GQ,RS,2017-Q2,9605.4,
ESTAT:NAMQ_10_GDP(1.0),26/11/21 02:21:00,Q,CP_MEUR,NSA,B1GQ,RS,2017-Q3,10189.0,
ESTAT:NAMQ_10_GDP(1.0),26/11/21 02:21:00,Q,CP_MEUR,NSA,B1GQ,RS,2017-Q4,10758.8,
ESTAT:NAMQ_10_GDP(1.0),26/11/21 02:21:00,Q,CP_MEUR,NSA,B1GQ,RS,2018-Q1,9736.3,
ESTAT:NAMQ_10_GDP(1.0),26/11/21 02:21:00,Q,CP_MEUR,NSA,B1GQ,RS,2018-Q2,10687.4,
ESTAT:NAMQ_10_GDP(1.0),26/11/21 02:21:00,Q,CP_MEUR,NSA,B1GQ,RS,2018-Q3,11056.8,
ESTAT:NAMQ_10_GDP(1.0),26/11/21 02:21:00,Q,CP_MEUR,NSA,B1GQ,RS,2018-Q4,11412.5,
ESTAT:NAMQ_10_GDP(1.0),26/11/21 02:21:00,Q,CP_MEUR,NSA,B1GQ,RS,2019-Q1,10213.2,
ESTAT:NAMQ_10_GDP(1.0),26/11/21 02:21:00,Q,CP_MEUR,NSA,B1GQ,RS,2019-Q2,11329.3,
ESTAT:NAMQ_10_GDP(1.0),26/11/21 02:21:00,Q,CP_MEUR,NSA,B1GQ,RS,2019-Q3,11911.4,
ESTAT:NAMQ_10_GDP(1.0),26/11/21 02:21:00,Q,CP_MEUR,NSA,B1GQ,RS,2019-Q4,12520.3,
ESTAT:NAMQ_10_GDP(1.0),26/11/21 02:21:00,Q,CP_MEUR,NSA,B1GQ,RS,2020-Q1,11086.3,p
ESTAT:NAMQ_10_GDP(1.0),26/11/21 02:21:00,Q,CP_MEUR,NSA,B1GQ,RS,2020-Q2,10822.9,p
ESTAT:NAMQ_10_GDP(1.0),26/11/21 02:21:00,Q,CP_MEUR,NSA,B1GQ,RS,2020-Q3,11906.3,p
ESTAT:NAMQ_10_GDP(1.0),26/11/21 02:21:00,Q,CP_MEUR,NSA,B1GQ,RS,2020-Q4,12651.9,p
ESTAT:NAMQ_10_GDP(1.0),26/11/21 02:21:00,Q,CP_MEUR,NSA,B1GQ,RS,2021-Q1,11576.8,p
ESTAT:NAMQ_10_GDP(1.0),26/11/21 02:21:00,Q,CP_MEUR,NSA,B1GQ,RS,2021-Q2,12958.6,p
ESTAT:NAMQ_10_GDP(1.0),26/11/21 02:21:00,Q,CP_MEUR,NSA,B1GQ,SE,2016-Q1,112392.3,
ESTAT:NAMQ_10_GDP(1.0),26/11/21 02:21:00,Q,CP_MEUR,NSA,B1GQ,SE,2016-Q2,122485.6,
ESTAT:NAMQ_10_GDP(1.0),26/11/21 02:21:00,Q,CP_MEUR,NSA,B1GQ,SE,2016-Q3,111312.6,
ESTAT:NAMQ_10_GDP(1.0),26/11/21 02:21:00,Q,CP_MEUR,NSA,B1GQ,SE,2016-Q4,120081.8,
ESTAT:NAMQ_10_GDP(1.0),26/11/21 02:21:00,Q,CP_MEUR,NSA,B1GQ,SE,2017-Q1,116281.6,
ESTAT:NAMQ_10_GDP(1.0),26/11/21 02:21:00,Q,CP_MEUR,NSA,B1GQ,SE,2017-Q2,122700.6,
ESTAT:NAMQ_10_GDP(1.0),26/11/21 02:21:00,Q,CP_MEUR,NSA,B1GQ,SE,2017-Q3,115912.0,
ESTAT:NAMQ_10_GDP(1.0),26/11/21 02:21:00,Q,CP_MEUR,NSA,B1GQ,SE,2017-Q4,124859.4,
ESTAT:NAMQ_10_GDP(1.0),26/11/21 02:21:00,Q,CP_MEUR,NSA,B1GQ,SE,2018-Q1,116009.4,
ESTAT:NAMQ_10_GDP(1.0),26/11/21 02:21:00,Q,CP_MEUR,NSA,B1GQ,SE,2018-Q2,120854.1,
ESTAT:NAMQ_10_GDP(1.0),26/11/21 02:21:00,Q,CP_MEUR,NSA,B1GQ,SE,2018-Q3,110271.5,
ESTAT:NAMQ_10_GDP(1.0),26/11/21 02:21:00,Q,CP_MEUR,NSA,B1GQ,SE,2018-Q4,123606.1,
ESTAT:NAMQ_10_GDP(1.0),26/11/21 02:21:00,Q,CP_MEUR,NSA,B1GQ,SE,2019-Q1,116663.6,
ESTAT:NAMQ_10_GDP(1.0),26/11/21 02:21:00,Q,CP_MEUR,NSA,B1GQ,SE,2019-Q2,122155.2,
ESTAT:NAMQ_10_GDP(1.0),26/11/21 02:21:00,Q,CP_MEUR,NSA,B1GQ,SE,2019-Q3,113842.2,
ESTAT:NAMQ_10_GDP(1.0),26/11/21 02:21:00,Q,CP_MEUR,NSA,B1GQ,SE,2019-Q4,124211.4,
ESTAT:NAMQ_10_GDP(1.0),26/11/21 02:21:00,Q,CP_MEUR,NSA,B1GQ,SE,2020-Q1,116311.5,
ESTAT:NAMQ_10_GDP(1.0),26/11/21 02:21:00,Q,CP_MEUR,NSA,B1GQ,SE,2020-Q2,114396.7,
ESTAT:NAMQ_10_GDP(1.0),26/11/21 02:21:00,Q,CP_MEUR,NSA,B1GQ,SE,2020-Q3,115584.9,
ESTAT:NAMQ_10_GDP(1.0),26/11/21 02:21:00,Q,CP_MEUR,NSA,B1GQ,SE,2020-Q4,129152.3,
ESTAT:NAMQ_10_GDP(1.0),26/11/21 02:21:00,Q,CP_MEUR,NSA,B1GQ,SE,2021-Q1,124286.5,
ESTAT:NAMQ_10_GDP(1.0),26/11/21 02:21:00,Q,CP_MEUR,NSA,B1GQ,SE,2021-Q2,134798.7,
ESTAT:NAMQ_10_GDP(1.0),26/11/21 02:21:00,Q,CP_MEUR,NSA,B1GQ,SI,2016-Q1,9392.4,
ESTAT:NAMQ_10_GDP(1.0),26/11/21 02:21:00,Q,CP_MEUR,NSA,B1GQ,SI,2016-Q2,10294.8,
ESTAT:NAMQ_10_GDP(1.0),26/11/21 02:21:00,Q,CP_MEUR,NSA,B1GQ,SI,2016-Q3,10371.0,
ESTAT:NAMQ_10_GDP(1.0),26/11/21 02:21:00,Q,CP_MEUR,NSA,B1GQ,SI,2016-Q4,10384.9,
ESTAT:NAMQ_10_GDP(1.0),26/11/21 02:21:00,Q,CP_MEUR,NSA,B1GQ,SI,2017-Q1,9884.1,
ESTAT:NAMQ_10_GDP(1.0),26/11/21 02:21:00,Q,CP_MEUR,NSA,B1GQ,SI,2017-Q2,10872.9,
ESTAT:NAMQ_10_GDP(1.0),26/11/21 02:21:00,Q,CP_MEUR,NSA,B1GQ,SI,2017-Q3,11015.6,
ESTAT:NAMQ_10_GDP(1.0),26/11/21 02:21:00,Q,CP_MEUR,NSA,B1GQ,SI,2017-Q4,11238.7,
ESTAT:NAMQ_10_GDP(1.0),26/11/21 02:21:00,Q,CP_MEUR,NSA,B1GQ,SI,2018-Q1,10560.3,
ESTAT:NAMQ_10_GDP(1.0),26/11/21 02:21:00,Q,CP_MEUR,NSA,B1GQ,SI,2018-Q2,11534.3,
ESTAT:NAMQ_10_GDP(1.0),26/11/21 02:21:00,Q,CP_MEUR,NSA,B1GQ,SI,2018-Q3,11837.1,
ESTAT:NAMQ_10_GDP(1.0),26/11/21 02:21:00,Q,CP_MEUR,NSA,B1GQ,SI,2018-Q4,11932.5,
ESTAT:NAMQ_10_GDP(1.0),26/11/21 02:21:00,Q,CP_MEUR,NSA,B1GQ,SI,2019-Q1,11198.9,
ESTAT:NAMQ_10_GDP(1.0),26/11/21 02:21:00,Q,CP_MEUR,NSA,B1GQ,SI,2019-Q2,12154.6,
ESTAT:NAMQ_10_GDP(1.0),26/11/21 02:21:00,Q,CP_MEUR,NSA,B1GQ,SI,2019-Q3,12512.4,
ESTAT:NAMQ_10_GDP(1.0),26/11/21 02:21:00,Q,CP_MEUR,NSA,B1GQ,SI,2019-Q4,12530.9,
ESTAT:NAMQ_10_GDP(1.0),26/11/21 02:21:00,Q,CP_MEUR,NSA,B1GQ,SI,2020-Q1,11348.5,
ESTAT:NAMQ_10_GDP(1.0),26/11/21 02:21:00,Q,CP_MEUR,NSA,B1GQ,SI,2020-Q2,10987.1,
ESTAT:NAMQ_10_GDP(1.0),26/11/21 02:21:00,Q,CP_MEUR,NSA,B1GQ,SI,2020-Q3,12307.7,
ESTAT:NAMQ_10_GDP(1.0),26/11/21 02:21:00,Q,CP_MEUR,NSA,B1GQ,SI,2020-Q4,12274.7,
ESTAT:NAMQ_10_GDP(1.0),26/11/21 02:21:00,Q,CP_MEUR,NSA,B1GQ,SI,2021-Q1,11698.5,
ESTAT:NAMQ_10_GDP(1.0),26/11/21 02:21:00,Q,CP_MEUR,NSA,B1GQ,SI,2021-Q2,13069.7,
ESTAT:NAMQ_10_GDP(1.0),26/11/21 02:21:00,Q,CP_MEUR,NSA,B1GQ,SK,2016-Q1,18637.0,
ESTAT:NAMQ_10_GDP(1.0),26/11/21 02:21:00,Q,CP_MEUR,NSA,B1GQ,SK,2016-Q2,20279.2,
ESTAT:NAMQ_10_GDP(1.0),26/11/21 02:21:00,Q,CP_MEUR,NSA,B1GQ,SK,2016-Q3,21176.6,
ESTAT:NAMQ_10_GDP(1.0),26/11/21 02:21:00,Q,CP_MEUR,NSA,B1GQ,SK,2016-Q4,20921.4,
ESTAT:NAMQ_10_GDP(1.0),26/11/21 02:21:00,Q,CP_MEUR,NSA,B1GQ,SK,2017-Q1,19197.2,
ESTAT:NAMQ_10_GDP(1.0),26/11/21 02:21:00,Q,CP_MEUR,NSA,B1GQ,SK,2017-Q2,21118.1,
ESTAT:NAMQ_10_GDP(1.0),26/11/21 02:21:00,Q,CP_MEUR,NSA,B1GQ,SK,2017-Q3,22194.1,
ESTAT:NAMQ_10_GDP(1.0),26/11/21 02:21:00,Q,CP_MEUR,NSA,B1GQ,SK,2017-Q4,21933.6,
ESTAT:NAMQ_10_GDP(1.0),26/11/21 02:21:00,Q,CP_MEUR,NSA,B1GQ,SK,2018-Q1,20274.1,
ESTAT:NAMQ_10_GDP(1.0),26/11/21 02:21:00,Q,CP_MEUR,NSA,B1GQ,SK,2018-Q2,22451.7,
ESTAT:NAMQ_10_GDP(1.0),26/11/21 02:21:00,Q,CP_MEUR,NSA,B1GQ,SK,2018-Q3,23673.5,
ESTAT:NAMQ_10_GDP(1.0),26/11/21 02:21:00,Q,CP_MEUR,NSA,B1GQ,SK,2018-Q4,23030.8,
ESTAT:NAMQ_10_GDP(1.0),26/11/21 02:21:00,Q,CP_MEUR,NSA,B1GQ,SK,2019-Q1,21672.8,
ESTAT:NAMQ_10_GDP(1.0),26/11/21 02:21:00,Q,CP_MEUR,NSA,B1GQ,SK,2019-Q2,23608.0,
ESTAT:NAMQ_10_GDP(1.0),26/11/21 02:21:00,Q,CP_MEUR,NSA,B1GQ,SK,2019-Q3,24559.7,
ESTAT:NAMQ_10_GDP(1.0),26/11/21 02:21:00,Q,CP_MEUR,NSA,B1GQ,SK,2019-Q4,24207.5,
ESTAT:NAMQ_10_GDP(1.0),26/11/21 02:21:00,Q,CP_MEUR,NSA,B1GQ,SK,2020-Q1,21642.7,
ESTAT:NAMQ_10_GDP(1.0),26/11/21 02:21:00,Q,CP_MEUR,NSA,B1GQ,SK,2020-Q2,21533.9,
ESTAT:NAMQ_10_GDP(1.0),26/11/21 02:21:00,Q,CP_MEUR,NSA,B1GQ,SK,2020-Q3,24577.8,
ESTAT:NAMQ_10_GDP(1.0),26/11/21 02:21:00,Q,CP_MEUR,NSA,B1GQ,SK,2020-Q4,24324.9,
ESTAT:NAMQ_10_GDP(1.0),26/11/21 02:21:00,Q,CP_MEUR,NSA,B1GQ,SK,2021-Q1,21818.8,
ESTAT:NAMQ_10_GDP(1.0),26/11/21 02:21:00,Q,CP_MEUR,NSA,B1GQ,SK,2021-Q2,24077.7,
ESTAT:NAMQ_10_GDP(1.0),26/11/21 02:21:00,Q,CP_MEUR,NSA,B1GQ,SK,2021-Q3,25633.4,
ESTAT:NAMQ_10_GDP(1.0),26/11/21 02:21:00,Q,CP_MEUR,NSA,B1GQ,TR,2016-Q1,174912.7,
ESTAT:NAMQ_10_GDP(1.0),26/11/21 02:21:00,Q,CP_MEUR,NSA,B1GQ,TR,2016-Q2,194311.9,
ESTAT:NAMQ_10_GDP(1.0),26/11/21 02:21:00,Q,CP_MEUR,NSA,B1GQ,TR,2016-Q3,202575.3,
ESTAT:NAMQ_10_GDP(1.0),26/11/21 02:21:00,Q,CP_MEUR,NSA,B1GQ,TR,2016-Q4,212323.6,
ESTAT:NAMQ_10_GDP(1.0),26/11/21 02:21:00,Q,CP_MEUR,NSA,B1GQ,TR,2017-Q1,166197.8,
ESTAT:NAMQ_10_GDP(1.0),26/11/21 02:21:00,Q,CP_MEUR,NSA,B1GQ,TR,2017-Q2,187862.6,
ESTAT:NAMQ_10_GDP(1.0),26/11/21 02:21:00,Q,CP_MEUR,NSA,B1GQ,TR,2017-Q3,203452.3,
ESTAT:NAMQ_10_GDP(1.0),26/11/21 02:21:00,Q,CP_MEUR,NSA,B1GQ,TR,2017-Q4,200742.7,
ESTAT:NAMQ_10_GDP(1.0),26/11/21 02:21:00,Q,CP_MEUR,NSA,B1GQ,TR,2018-Q1,169821.6,
ESTAT:NAMQ_10_GDP(1.0),26/11/21 02:21:00,Q,CP_MEUR,NSA,B1GQ,TR,2018-Q2,171969.9,
ESTAT:NAMQ_10_GDP(1.0),26/11/21 02:21:00,Q,CP_MEUR,NSA,B1GQ,TR,2018-Q3,157505.8,
ESTAT:NAMQ_10_GDP(1.0),26/11/21 02:21:00,Q,CP_MEUR,NSA,B1GQ,TR,2018-Q4,163119.6,
ESTAT:NAMQ_10_GDP(1.0),26/11/21 02:21:00,Q,CP_MEUR,NSA,B1GQ,TR,2019-Q1,151494.8,
ESTAT:NAMQ_10_GDP(1.0),26/11/21 02:21:00,Q,CP_MEUR,NSA,B1GQ,TR,2019-Q2,155935.7,
ESTAT:NAMQ_10_GDP(1.0),26/11/21 02:21:00,Q,CP_MEUR,NSA,B1GQ,TR,2019-Q3,183532.2,
ESTAT:NAMQ_10_GDP(1.0),26/11/21 02:21:00,Q,CP_MEUR,NSA,B1GQ,TR,2019-Q4,187809.0,
ESTAT:NAMQ_10_GDP(1.0),26/11/21 02:21:00,Q,CP_MEUR,NSA,B1GQ,TR,2020-Q1,158869.2,
ESTAT:NAMQ_10_GDP(1.0),26/11/21 02:21:00,Q,CP_MEUR,NSA,B1GQ,TR,2020-Q2,137101.3,
ESTAT:NAMQ_10_GDP(1.0),26/11/21 02:21:00,Q,CP_MEUR,NSA,B1GQ,TR,2020-Q3,167165.1,
ESTAT:NAMQ_10_GDP(1.0),26/11/21 02:21:00,Q,CP_MEUR,NSA,B1GQ,TR,2020-Q4,162128.1,
ESTAT:NAMQ_10_GDP(1.0),26/11/21 02:21:00,Q,CP_MEUR,NSA,B1GQ,TR,2021-Q1,155820.2,
ESTAT:NAMQ_10_GDP(1.0),26/11/21 02:21:00,Q,CP_MEUR,NSA,B1GQ,TR,2021-Q2,156087.6,
ESTAT:NAMQ_10_GDP(1.0),26/11/21 02:21:00,Q,CP_MEUR,NSA,B1GQ,UK,2016-Q1,639943.1,
ESTAT:NAMQ_10_GDP(1.0),26/11/21 02:21:00,Q,CP_MEUR,NSA,B1GQ,UK,2016-Q2,630990.9,
ESTAT:NAMQ_10_GDP(1.0),26/11/21 02:21:00,Q,CP_MEUR,NSA,B1GQ,UK,2016-Q3,581709.5,
ESTAT:NAMQ_10_GDP(1.0),26/11/21 02:21:00,Q,CP_MEUR,NSA,B1GQ,UK,2016-Q4,587945.9,
ESTAT:NAMQ_10_GDP(1.0),26/11/21 02:21:00,Q,CP_MEUR,NSA,B1GQ,UK,2017-Q1,598730.4,
ESTAT:NAMQ_10_GDP(1.0),26/11/21 02:21:00,Q,CP_MEUR,NSA,B1GQ,UK,2017-Q2,593311.0,
ESTAT:NAMQ_10_GDP(1.0),26/11/21 02:21:00,Q,CP_MEUR,NSA,B1GQ,UK,2017-Q3,572327.6,
ESTAT:NAMQ_10_GDP(1.0),26/11/21 02:21:00,Q,CP_MEUR,NSA,B1GQ,UK,2017-Q4,596243.7,
ESTAT:NAMQ_10_GDP(1.0),26/11/21 02:21:00,Q,CP_MEUR,NSA,B1GQ,UK,2018-Q1,598489.9,
ESTAT:NAMQ_10_GDP(1.0),26/11/21 02:21:00,Q,CP_MEUR,NSA,B1GQ,UK,2018-Q2,604984.2,
ESTAT:NAMQ_10_GDP(1.0),26/11/21 02:21:00,Q,CP_MEUR,NSA,B1GQ,UK,2018-Q3,599328.8,
ESTAT:NAMQ_10_GDP(1.0),26/11/21 02:21:00,Q,CP_MEUR,NSA,B1GQ,UK,2018-Q4,618302.6,
ESTAT:NAMQ_10_GDP(1.0),26/11/21 02:21:00,Q,CP_MEUR,NSA,B1GQ,UK,2019-Q1,631105.7,
ESTAT:NAMQ_10_GDP(1.0),26/11/21 02:21:00,Q,CP_MEUR,NSA,B1GQ,UK,2019-Q2,623637.1,
ESTAT:NAMQ_10_GDP(1.0),26/11/21 02:21:00,Q,CP_MEUR,NSA,B1GQ,UK,2019-Q3,612678.3,
ESTAT:NAMQ_10_GDP(1.0),26/11/21 02:21:00,Q,CP_MEUR,NSA,B1GQ,UK,2019-Q4,660925.0,
ESTAT:NAMQ_10_GDP(1.0),26/11/21 02:21:00,Q,CP_MEUR,NSA,B1GQ,UK,2020-Q1,643452.6,
ESTAT:NAMQ_10_GDP(1.0),26/11/21 02:21:00,Q,CP_MEUR,NSA,B1GQ,UK,2020-Q2,530595.8,
ESTAT:NAMQ_10_GDP(1.0),26/11/21 02:21:00,Q,CP_MEUR,NSA,B1GQ,UK,2020-Q3,580977.6,
ESTAT:NAMQ_10_GDP(1.0),26/11/21 02:21:00,Q,CP_MEUR,NSA,B1GQ,XK,2016-Q1,1263.7,
ESTAT:NAMQ_10_GDP(1.0),26/11/21 02:21:00,Q,CP_MEUR,NSA,B1GQ,XK,2016-Q2,1547.0,
ESTAT:NAMQ_10_GDP(1.0),26/11/21 02:21:00,Q,CP_MEUR,NSA,B1GQ,XK,2016-Q3,1673.8,
ESTAT:NAMQ_10_GDP(1.0),26/11/21 02:21:00,Q,CP_MEUR,NSA,B1GQ,XK,2016-Q4,1552.8,
ESTAT:NAMQ_10_GDP(1.0),26/11/21 02:21:00,Q,CP_MEUR,NSA,B1GQ,XK,2017-Q1,1320.8,
ESTAT:NAMQ_10_GDP(1.0),26/11/21 02:21:00,Q,CP_MEUR,NSA,B1GQ,XK,2017-Q2,1638.1,
ESTAT:NAMQ_10_GDP(1.0),26/11/21 02:21:00,Q,CP_MEUR,NSA,B1GQ,XK,2017-Q3,1773.8,
ESTAT:NAMQ_10_GDP(1.0),26/11/21 02:21:00,Q,CP_MEUR,NSA,B1GQ,XK,2017-Q4,1623.7,
ESTAT:NAMQ_10_GDP(1.0),26/11/21 02:21:00,Q,CP_MEUR,NSA,B1GQ,XK,2018-Q1,1395.6,
ESTAT:NAMQ_10_GDP(1.0),26/11/21 02:21:00,Q,CP_MEUR,NSA,B1GQ,XK,2018-Q2,1720.3,
ESTAT:NAMQ_10_GDP(1.0),26/11/21 02:21:00,Q,CP_MEUR,NSA,B1GQ,XK,2018-Q3,1843.0,
ESTAT:NAMQ_10_GDP(1.0),26/11/21 02:21:00,Q,CP_MEUR,NSA,B1GQ,XK,2018-Q4,1712.6,
ESTAT:NAMQ_10_GDP(1.0),26/11/21 02:21:00,Q,CP_MEUR,NSA,B1GQ,XK,2019-Q1,1474.0,
ESTAT:NAMQ_10_GDP(1.0),26/11/21 02:21:00,Q,CP_MEUR,NSA,B1GQ,XK,2019-Q2,1818.1,
ESTAT:NAMQ_10_GDP(1.0),26/11/21 02:21:00,Q,CP_MEUR,NSA,B1GQ,XK,2019-Q3,1953.9,
ESTAT:NAMQ_10_GDP(1.0),26/11/21 02:21:00,Q,CP_MEUR,NSA,B1GQ,XK,2019-Q4,1810.1,
ESTAT:NAMQ_10_GDP(1.0),26/11/21 02:21:00,Q,CP_MEUR,NSA,B1GQ,XK,2020-Q1,1497.2,p
ESTAT:NAMQ_10_GDP(1.0),26/11/21 02:21:00,Q,CP_MEUR,NSA,B1GQ,XK,2020-Q2,1647.7,p
ESTAT:NAMQ_10_GDP(1.0),26/11/21 02:21:00,Q,CP_MEUR,NSA,B1GQ,XK,2020-Q3,1815.0,p
ESTAT:NAMQ_10_GDP(1.0),26/11/21 02:21:00,Q,CP_MEUR,NSA,B1GQ,XK,2020-Q4,1851.3,p
ESTAT:NAMQ_10_GDP(1.0),26/11/21 02:21:00,Q,CP_MEUR,NSA,B1GQ,XK,2021-Q1,1582.2,p
ESTAT:NAMQ_10_GDP(1.0),26/11/21 02:21:00,Q,CP_MEUR,NSA,B1GQ,XK,2021-Q2,1957.5,p
